"date","price_index_fao","vegetable-oils_consumption_oecd","vegetable-oils_ending-stocks_oecd","vegetable-oils_exports_oecd","vegetable-oils_food_oecd","vegetable-oils_food-fat-availability_oecd","vegetable-oils_human-consumption-per-capita_oecd","vegetable-oils_imports_oecd","vegetable-oils_other-use_oecd","vegetable-oils_production_oecd","vegetable-oil_beginning-stocks_usda","vegetable-oil_crush_usda","vegetable-oil_domestic-consumption_usda","vegetable-oil_ending-stocks_usda","vegetable-oil_exports_usda","vegetable-oil_feed-waste-dom-cons_usda","vegetable-oil_food-use-dom-cons_usda","vegetable-oil_imports_usda","vegetable-oil_industrial-dom-cons_usda","vegetable-oil_production_usda","vegetable-oil_total-distribution_usda","vegetable-oil_total-supply_usda"
"2030-12-31",,20552.31,1881.86,8076.59,14069.38,2.98,1.65,8076.59,3705.3,20578.43,,,,,,,,,,,,
"2030-11-30",,20531.96,1879.68,8069.75,14049.8,2.98,1.65,8069.75,3703.06,20558.27,,,,,,,,,,,,
"2030-10-31",,20511.62,1877.5,8062.9,14030.23,2.98,1.65,8062.9,3700.83,20538.12,,,,,,,,,,,,
"2030-09-30",,20491.28,1875.33,8056.06,14010.66,2.98,1.65,8056.06,3698.59,20517.96,,,,,,,,,,,,
"2030-08-31",,20470.93,1873.15,8049.22,13991.09,2.97,1.65,8049.22,3696.35,20497.81,,,,,,,,,,,,
"2030-07-31",,20450.59,1870.97,8042.37,13971.52,2.97,1.65,8042.37,3694.11,20477.65,,,,,,,,,,,,
"2030-06-30",,20430.24,1868.8,8035.53,13951.95,2.97,1.65,8035.53,3691.87,20457.5,,,,,,,,,,,,
"2030-05-31",,20409.9,1866.62,8028.68,13932.38,2.97,1.65,8028.68,3689.64,20437.34,,,,,,,,,,,,
"2030-04-30",,20389.56,1864.44,8021.84,13912.81,2.96,1.65,8021.84,3687.4,20417.18,,,,,,,,,,,,
"2030-03-31",,20369.21,1862.27,8015,13893.24,2.96,1.64,8015,3685.16,20397.03,,,,,,,,,,,,
"2030-02-28",,20348.87,1860.09,8008.15,13873.66,2.96,1.64,8008.15,3682.92,20376.87,,,,,,,,,,,,
"2030-01-31",,20328.52,1857.91,8001.31,13854.09,2.96,1.64,8001.31,3680.68,20356.72,,,,,,,,,,,,
"2029-12-31",,20308.18,1855.74,7994.46,13834.52,2.96,1.64,7994.46,3678.45,20336.56,,,,,,,,,,,,
"2029-11-30",,20287.83,1853.37,7987.69,13816.63,2.95,1.64,7987.69,3676.01,20315.85,,,,,,,,,,,,
"2029-10-31",,20267.48,1851.01,7980.91,13798.74,2.95,1.64,7980.91,3673.57,20295.14,,,,,,,,,,,,
"2029-09-30",,20247.13,1848.64,7974.13,13780.85,2.95,1.64,7974.13,3671.14,20274.42,,,,,,,,,,,,
"2029-08-31",,20226.78,1846.28,7967.36,13762.95,2.95,1.64,7967.36,3668.7,20253.71,,,,,,,,,,,,
"2029-07-31",,20206.43,1843.91,7960.58,13745.06,2.94,1.64,7960.58,3666.27,20233,,,,,,,,,,,,
"2029-06-30",,20186.08,1841.54,7953.81,13727.17,2.94,1.63,7953.81,3663.83,20212.28,,,,,,,,,,,,
"2029-05-31",,20165.73,1839.18,7947.03,13709.28,2.94,1.63,7947.03,3661.4,20191.57,,,,,,,,,,,,
"2029-04-30",,20145.38,1836.81,7940.25,13691.38,2.94,1.63,7940.25,3658.96,20170.86,,,,,,,,,,,,
"2029-03-31",,20125.03,1834.45,7933.48,13673.49,2.94,1.63,7933.48,3656.53,20150.15,,,,,,,,,,,,
"2029-02-28",,20104.68,1832.08,7926.7,13655.6,2.93,1.63,7926.7,3654.09,20129.43,,,,,,,,,,,,
"2029-01-31",,20084.33,1829.72,7919.92,13637.71,2.93,1.63,7919.92,3651.66,20108.72,,,,,,,,,,,,
"2028-12-31",,20063.98,1827.35,7913.15,13619.81,2.93,1.63,7913.15,3649.22,20088.01,,,,,,,,,,,,
"2028-11-30",,20043.99,1825.35,7906.55,13601.39,2.93,1.63,7906.55,3647.06,20068.47,,,,,,,,,,,,
"2028-10-31",,20024,1823.35,7899.96,13582.96,2.93,1.63,7899.96,3644.9,20048.94,,,,,,,,,,,,
"2028-09-30",,20004,1821.35,7893.36,13564.53,2.92,1.63,7893.36,3642.74,20029.4,,,,,,,,,,,,
"2028-08-31",,19984.01,1819.35,7886.76,13546.1,2.92,1.62,7886.76,3640.58,20009.87,,,,,,,,,,,,
"2028-07-31",,19964.02,1817.34,7880.17,13527.67,2.92,1.62,7880.17,3638.43,19990.33,,,,,,,,,,,,
"2028-06-30",,19944.03,1815.34,7873.57,13509.24,2.92,1.62,7873.57,3636.27,19970.79,,,,,,,,,,,,
"2028-05-31",,19924.03,1813.34,7866.98,13490.81,2.91,1.62,7866.98,3634.11,19951.26,,,,,,,,,,,,
"2028-04-30",,19904.04,1811.34,7860.38,13472.39,2.91,1.62,7860.38,3631.95,19931.72,,,,,,,,,,,,
"2028-03-31",,19884.05,1809.33,7853.79,13453.96,2.91,1.62,7853.79,3629.79,19912.19,,,,,,,,,,,,
"2028-02-29",,19864.06,1807.33,7847.19,13435.53,2.91,1.62,7847.19,3627.63,19892.65,,,,,,,,,,,,
"2028-01-31",,19844.06,1805.33,7840.6,13417.1,2.91,1.62,7840.6,3625.47,19873.12,,,,,,,,,,,,
"2027-12-31",,19824.07,1803.33,7834,13398.67,2.9,1.62,7834,3623.31,19853.58,,,,,,,,,,,,
"2027-11-30",,19805.78,1800.87,7828.71,13380.86,2.9,1.62,7828.71,3620.51,19834.1,,,,,,,,,,,,
"2027-10-31",,19787.48,1798.41,7823.43,13363.05,2.9,1.61,7823.43,3617.7,19814.61,,,,,,,,,,,,
"2027-09-30",,19769.19,1795.95,7818.14,13345.24,2.9,1.61,7818.14,3614.9,19795.13,,,,,,,,,,,,
"2027-08-31",,19750.89,1793.49,7812.85,13327.42,2.89,1.61,7812.85,3612.09,19775.64,,,,,,,,,,,,
"2027-07-31",,19732.59,1791.03,7807.57,13309.61,2.89,1.61,7807.57,3609.29,19756.16,,,,,,,,,,,,
"2027-06-30",,19714.3,1788.57,7802.28,13291.8,2.89,1.61,7802.28,3606.48,19736.67,,,,,,,,,,,,
"2027-05-31",,19696,1786.11,7796.99,13273.99,2.89,1.61,7796.99,3603.68,19717.19,,,,,,,,,,,,
"2027-04-30",,19677.71,1783.65,7791.71,13256.18,2.89,1.61,7791.71,3600.87,19697.7,,,,,,,,,,,,
"2027-03-31",,19659.41,1781.2,7786.42,13238.37,2.88,1.61,7786.42,3598.07,19678.22,,,,,,,,,,,,
"2027-02-28",,19641.12,1778.74,7781.13,13220.55,2.88,1.61,7781.13,3595.27,19658.73,,,,,,,,,,,,
"2027-01-31",,19622.82,1776.28,7775.85,13202.74,2.88,1.61,7775.85,3592.46,19639.25,,,,,,,,,,,,
"2026-12-31",,19604.53,1773.82,7770.56,13184.93,2.88,1.6,7770.56,3589.66,19619.77,,,,,,,,,,,,
"2026-11-30",,19584.98,1772.55,7764.93,13167.57,2.87,1.6,7764.93,3587.26,19599.01,,,,,,,,,,,,
"2026-10-31",,19565.43,1771.28,7759.29,13150.2,2.87,1.6,7759.29,3584.85,19578.25,,,,,,,,,,,,
"2026-09-30",,19545.88,1770.01,7753.66,13132.84,2.87,1.6,7753.66,3582.45,19557.49,,,,,,,,,,,,
"2026-08-31",,19526.33,1768.74,7748.03,13115.47,2.87,1.6,7748.03,3580.05,19536.73,,,,,,,,,,,,
"2026-07-31",,19506.78,1767.47,7742.4,13098.11,2.86,1.6,7742.4,3577.65,19515.97,,,,,,,,,,,,
"2026-06-30",,19487.23,1766.2,7736.76,13080.74,2.86,1.6,7736.76,3575.25,19495.21,,,,,,,,,,,,
"2026-05-31",,19467.68,1764.93,7731.13,13063.38,2.86,1.6,7731.13,3572.85,19474.45,,,,,,,,,,,,
"2026-04-30",,19448.13,1763.66,7725.5,13046.01,2.86,1.6,7725.5,3570.45,19453.69,,,,,,,,,,,,
"2026-03-31",,19428.58,1762.39,7719.86,13028.65,2.85,1.6,7719.86,3568.05,19432.93,,,,,,,,,,,,
"2026-02-28",,19409.03,1761.12,7714.23,13011.28,2.85,1.6,7714.23,3565.65,19412.17,,,,,,,,,,,,
"2026-01-31",,19389.48,1759.85,7708.6,12993.92,2.85,1.59,7708.6,3563.24,19391.42,,,,,,,,,,,,
"2025-12-31",,19369.93,1758.58,7702.97,12976.55,2.85,1.59,7702.97,3560.84,19370.66,,,,,,,,,,,,
"2025-11-30",,19348.25,1758.52,7696.18,12958.76,2.85,1.59,7696.18,3558.64,19349.12,,,,,,,,,,,,
"2025-10-31",,19326.58,1758.46,7689.4,12940.98,2.84,1.59,7689.4,3556.44,19327.57,,,,,,,,,,,,
"2025-09-30",,19304.91,1758.4,7682.61,12923.19,2.84,1.59,7682.61,3554.23,19306.03,,,,,,,,,,,,
"2025-08-31",,19283.23,1758.33,7675.83,12905.4,2.84,1.59,7675.83,3552.03,19284.49,,,,,,,,,,,,
"2025-07-31",,19261.56,1758.27,7669.05,12887.61,2.84,1.59,7669.05,3549.83,19262.95,,,,,,,,,,,,
"2025-06-30",,19239.89,1758.21,7662.26,12869.82,2.83,1.59,7662.26,3547.63,19241.41,,,,,,,,,,,,
"2025-05-31",,19218.21,1758.15,7655.48,12852.03,2.83,1.59,7655.48,3545.42,19219.86,,,,,,,,,,,,
"2025-04-30",,19196.54,1758.09,7648.69,12834.25,2.83,1.59,7648.69,3543.22,19198.32,,,,,,,,,,,,
"2025-03-31",,19174.87,1758.03,7641.91,12816.46,2.83,1.59,7641.91,3541.02,19176.78,,,,,,,,,,,,
"2025-02-28",,19153.19,1757.97,7635.12,12798.67,2.83,1.58,7635.12,3538.82,19155.24,,,,,,,,,,,,
"2025-01-31",,19131.52,1757.91,7628.34,12780.88,2.82,1.58,7628.34,3536.61,19133.7,,,,,,,,,,,,
"2024-12-31",,19109.85,1757.85,7621.56,12763.09,2.82,1.58,7621.56,3534.41,19112.16,,,,,,,,,,,,
"2024-11-30",,19085.58,1757.66,7614.62,12743.43,2.82,1.58,7614.62,3531.19,19092.85,,,,,,,,,,,,
"2024-10-31",,19061.32,1757.46,7607.69,12723.77,2.82,1.58,7607.69,3527.98,19073.54,,,,,,,,,,,,
"2024-09-30",,19037.05,1757.27,7600.76,12704.11,2.82,1.58,7600.76,3524.76,19054.24,,,,,,,,,,,,
"2024-08-31",,19012.79,1757.08,7593.82,12684.44,2.81,1.58,7593.82,3521.55,19034.93,,,,,,,,,,,,
"2024-07-31",,18988.52,1756.89,7586.89,12664.78,2.81,1.58,7586.89,3518.33,19015.62,,,,,,,,,,,,
"2024-06-30",,18964.26,1756.69,7579.96,12645.12,2.81,1.58,7579.96,3515.12,18996.32,,,,,,,,,,,,
"2024-05-31",,18939.99,1756.5,7573.02,12625.46,2.81,1.57,7573.02,3511.9,18977.01,,,,,,,,,,,,
"2024-04-30",,18915.73,1756.31,7566.09,12605.8,2.81,1.57,7566.09,3508.68,18957.7,,,,,,,,,,,,
"2024-03-31",,18891.46,1756.12,7559.16,12586.13,2.8,1.57,7559.16,3505.47,18938.4,,,,,,,,,,,,
"2024-02-29",,18867.2,1755.92,7552.22,12566.47,2.8,1.57,7552.22,3502.25,18919.09,,,,,,,,,,,,
"2024-01-31",,18842.94,1755.73,7545.29,12546.81,2.8,1.57,7545.29,3499.04,18899.78,,,,,,,,,,,,
"2023-12-31",,18818.67,1755.54,7538.36,12527.15,2.8,1.57,7538.36,3495.82,18880.48,,,,,,,,,,,,
"2023-11-30",,18791.9,1750.39,7529.05,12505.64,2.8,1.57,7529.05,3491.32,18855.07,,,,,,,,,,,,
"2023-10-31",,18765.12,1745.24,7519.75,12484.14,2.8,1.57,7519.75,3486.82,18829.66,,,,,,,,,,,,
"2023-09-30",,18738.35,1740.09,7510.44,12462.64,2.79,1.56,7510.44,3482.32,18804.25,,,,,,,,,,,,
"2023-08-31",,18711.58,1734.94,7501.14,12441.14,2.79,1.56,7501.14,3477.82,18778.83,,,,,,,,,,,,
"2023-07-31",,18684.81,1729.79,7491.83,12419.64,2.79,1.56,7491.83,3473.31,18753.42,,,,,,,,,,,,
"2023-06-30",,18658.03,1724.64,7482.53,12398.14,2.79,1.56,7482.53,3468.81,18728.01,,,,,,,,,,,,
"2023-05-31",,18631.26,1719.48,7473.22,12376.64,2.79,1.56,7473.22,3464.31,18702.6,,,,,,,,,,,,
"2023-04-30",,18604.49,1714.33,7463.92,12355.14,2.79,1.56,7463.92,3459.81,18677.19,,,,,,,,,,,,
"2023-03-31",,18577.71,1709.18,7454.61,12333.63,2.79,1.56,7454.61,3455.31,18651.78,,,,,,,,,,,,
"2023-02-28",,18550.94,1704.03,7445.31,12312.13,2.79,1.55,7445.31,3450.81,18626.37,,,,,,,,,,,,
"2023-01-31",,18524.17,1698.88,7436,12290.63,2.79,1.55,7436,3446.3,18600.96,,,,,,,,,,,,
"2022-12-31",,18497.39,1693.73,7426.7,12269.13,2.79,1.55,7426.7,3441.8,18575.55,,,,,,,,,,,,
"2022-11-30",,18474.42,1687.22,7419.28,12258.03,2.78,1.55,7419.28,3436.51,18553.22,,,,,,,,,,,,
"2022-10-31",,18451.45,1680.71,7411.86,12246.94,2.78,1.55,7411.86,3431.22,18530.88,,,,,,,,,,,,
"2022-09-30",,18428.48,1674.19,7404.44,12235.84,2.78,1.55,7404.44,3425.94,18508.55,,,,,,,,,,,,
"2022-08-31",,18405.51,1667.68,7397.01,12224.74,2.78,1.55,7397.01,3420.65,18486.22,,,,,,,,,,,,
"2022-07-31",,18382.54,1661.17,7389.59,12213.64,2.78,1.55,7389.59,3415.36,18463.89,,,,,,,,,,,,
"2022-06-30",,18359.57,1654.66,7382.17,12202.55,2.78,1.55,7382.17,3410.07,18441.56,,,,,,,,,,,,
"2022-05-31",,18336.6,1648.14,7374.75,12191.45,2.78,1.55,7374.75,3404.78,18419.23,,,,,,,,,,,,
"2022-04-30",,18313.63,1641.63,7367.33,12180.35,2.78,1.55,7367.33,3399.49,18396.9,,,,,,,,,,,,
"2022-03-31",,18290.66,1635.12,7359.91,12169.25,2.78,1.55,7359.91,3394.2,18374.57,,,,,,,,,,,,
"2022-02-28",201.7,18267.69,1628.61,7352.49,12158.16,2.78,1.55,7352.49,3388.91,18352.24,,,,,,,,,,,,
"2022-01-31",185.931,18244.72,1622.09,7345.07,12147.06,2.78,1.55,7345.07,3383.62,18329.91,,,,,,,,,,,,
"2021-12-31",178.505,18221.75,1615.58,7337.65,12135.96,2.78,1.55,7337.65,3378.33,18307.58,2275.34,49977.5,18217.84,2105.17,7887.34,85.67,13289.24,6922.5,4842.92,19012.5,28210.34,28210.34
"2021-11-30",184.555,18184.48,1608.43,7334.6,12113.04,2.78,1.55,7323.81,3371.98,18274.33,2282.59,49959.18,18191.15,2119.35,7870.82,85.38,13268.48,6915.77,4837.3,18982.97,28181.32,28181.32
"2021-10-31",184.837,18147.21,1601.27,7331.56,12090.12,2.78,1.55,7309.97,3365.63,18241.07,2289.84,49940.84,18164.47,2133.53,7854.3,85.08,13247.71,6909.05,4831.69,18953.42,28152.31,28152.31
"2021-09-30",168.571,18109.94,1594.12,7328.51,12067.2,2.78,1.54,7296.13,3359.28,18207.82,2297.07,49922.51,18137.79,2147.69,7837.79,84.79,13226.92,6902.32,4826.06,18923.87,28123.29,28123.29
"2021-08-31",165.862,18072.67,1586.97,7325.47,12044.28,2.78,1.54,7282.3,3352.93,18174.56,2304.32,49904.16,18111.11,2161.89,7821.27,84.5,13206.18,6895.61,4820.44,18894.32,28094.28,28094.28
"2021-07-31",155.496,18035.39,1579.82,7322.42,12021.36,2.78,1.54,7268.46,3346.57,18141.31,2311.6,49885.84,18084.44,2176.08,7804.77,84.2,13185.38,6888.9,4814.84,18864.78,28065.27,28065.27
"2021-06-30",157.681,17998.12,1572.66,7319.38,11998.43,2.78,1.54,7254.62,3340.22,18108.06,2318.84,49867.5,18057.74,2190.24,7788.25,83.91,13164.62,6882.17,4809.2,18835.26,28036.24,28036.24
"2021-05-31",174.876,17960.85,1565.51,7316.33,11975.51,2.78,1.54,7240.79,3333.87,18074.8,2326.07,49849.16,18031.08,2204.43,7771.74,83.63,13143.86,6875.45,4803.59,18805.71,28007.23,28007.23
"2021-04-30",162.191,17923.58,1558.36,7313.29,11952.59,2.78,1.54,7226.95,3327.52,18041.55,2333.33,49830.84,18004.38,2218.61,7755.22,83.34,13123.08,6868.72,4797.98,18776.16,27978.22,27978.22
"2021-03-31",159.302,17886.31,1551.21,7310.24,11929.67,2.78,1.53,7213.11,3321.17,18008.29,2340.58,49812.51,17977.71,2232.79,7738.71,83.03,13102.3,6862,4792.36,18746.63,27949.21,27949.21
"2021-02-28",147.462,17849.03,1544.05,7307.2,11906.75,2.78,1.53,7199.28,3314.81,17975.04,2347.85,49794.18,17951.02,2246.97,7722.19,82.75,13081.55,6855.26,4786.74,18717.08,27920.19,27920.19
"2021-01-31",138.875,17811.76,1536.9,7304.15,11883.83,2.78,1.53,7185.44,3308.46,17941.78,2355.1,49775.82,17924.34,2261.15,7705.68,82.46,13060.76,6848.55,4781.11,18687.56,27891.19,27891.19
"2020-12-31",131.199,17774.49,1529.75,7301.11,11860.91,2.78,1.53,7171.6,3302.11,17908.53,2362.32,49757.5,17897.68,2275.34,7689.17,82.16,13039.98,6841.84,4775.5,18658,27862.17,27862.17
"2020-11-30",121.903,17771.12,1529.37,7289.46,11857.52,2.77,1.53,7160.26,3290.43,17889.58,2356.04,49723.86,17873.85,2282.59,7704.28,82.27,13017.13,6848.69,4774.43,18655.97,27860.7,27860.7
"2020-10-31",106.45,17767.75,1528.99,7277.81,11854.13,2.77,1.53,7148.92,3278.75,17870.64,2349.74,49690.25,17850.03,2289.84,7719.39,82.4,12994.27,6855.53,4773.35,18653.96,27859.24,27859.24
"2020-09-30",104.596,17764.38,1528.62,7266.17,11850.74,2.77,1.53,7137.58,3267.07,17851.69,2343.45,49656.59,17826.2,2297.07,7734.48,82.52,12971.41,6862.38,4772.27,18651.94,27857.76,27857.76
"2020-08-31",98.702,17761.02,1528.24,7254.52,11847.34,2.77,1.53,7126.25,3255.4,17832.75,2337.18,49622.97,17802.37,2304.32,7749.59,82.65,12948.55,6869.23,4771.2,18649.92,27856.3,27856.3
"2020-07-31",93.2,17757.65,1527.86,7242.87,11843.95,2.76,1.53,7114.91,3243.72,17813.8,2330.88,49589.36,17778.58,2311.6,7764.7,82.75,12925.7,6876.06,4770.12,18647.89,27854.83,27854.83
"2020-06-30",86.614,17754.28,1527.48,7231.23,11840.56,2.76,1.54,7103.57,3232.04,17794.86,2324.59,49555.7,17754.75,2318.84,7779.78,82.87,12902.84,6882.91,4769.04,18645.88,27853.37,27853.37
"2020-05-31",77.769,17750.91,1527.1,7219.58,11837.17,2.76,1.54,7092.23,3220.36,17775.91,2318.3,49522.07,17730.93,2326.07,7794.91,83,12879.98,6889.77,4767.97,18643.86,27851.9,27851.9
"2020-04-30",81.178,17747.54,1526.73,7207.94,11833.78,2.75,1.54,7080.89,3208.68,17756.97,2311.99,49488.43,17707.11,2333.33,7809.99,83.11,12857.12,6896.61,4766.89,18641.84,27850.45,27850.45
"2020-03-31",85.425,17744.17,1526.35,7196.29,11830.39,2.75,1.54,7069.55,3197,17738.02,2305.7,49454.83,17683.29,2340.58,7825.12,83.23,12834.27,6903.45,4765.84,18639.8,27848.98,27848.98
"2020-02-29",97.553,17740.8,1525.97,7184.64,11827,2.75,1.54,7058.21,3185.33,17719.08,2299.41,49421.18,17659.49,2347.85,7840.21,83.35,12811.38,6910.3,4764.74,18637.79,27847.5,27847.5
"2020-01-31",108.733,17737.43,1525.59,7173,11823.6,2.75,1.54,7046.87,3173.65,17700.13,2293.13,49387.54,17635.65,2355.1,7855.32,83.46,12788.52,6917.15,4763.67,18635.77,27846.04,27846.04
"2019-12-31",101.499,17734.07,1525.21,7161.35,11820.21,2.74,1.54,7035.53,3161.97,17681.19,2286.85,49353.92,17611.83,2362.32,7870.41,83.58,12765.65,6923.99,4762.6,18633.74,27844.59,27844.59
"2019-11-30",93.164,17747.7,1540.11,7177.01,11820.33,2.74,1.54,7054.77,3188.19,17677.13,2278.65,49227.05,17589.22,2356.04,7863.06,83.49,12742.94,6919.11,4762.77,18610.56,27808.31,27808.31
"2019-10-31",84.109,17761.33,1555,7192.67,11820.44,2.73,1.54,7074.01,3214.41,17673.07,2270.46,49100.21,17566.61,2349.74,7855.67,83.42,12720.24,6914.23,4762.95,18587.33,27772.03,27772.03
"2019-09-30",83.888,17774.97,1569.89,7208.33,11820.56,2.73,1.54,7093.24,3240.63,17669.01,2262.29,48973.37,17543.97,2343.45,7848.32,83.33,12697.5,6909.32,4763.14,18564.15,27735.75,27735.75
"2019-08-31",82.589,17788.6,1584.78,7223.99,11820.67,2.72,1.55,7112.48,3266.85,17664.95,2254.11,48846.5,17521.36,2337.18,7840.94,83.25,12674.82,6904.41,4763.33,18540.96,27699.48,27699.48
"2019-07-31",78.09,17802.23,1599.67,7239.65,11820.79,2.72,1.55,7131.72,3293.07,17660.89,2245.92,48719.64,17498.75,2330.88,7833.57,83.16,12652.1,6899.5,4763.49,18517.75,27663.2,27663.2
"2019-06-30",77.462,17815.86,1614.56,7255.3,11820.91,2.71,1.55,7150.95,3319.28,17656.83,2237.74,48592.78,17476.12,2324.59,7826.22,83.09,12629.38,6894.63,4763.67,18494.55,27626.9,27626.9
"2019-05-31",78.501,17829.5,1629.45,7270.96,11821.02,2.7,1.55,7170.19,3345.5,17652.77,2229.58,48465.95,17453.52,2318.3,7818.84,83,12606.65,6889.72,4763.85,18471.34,27590.65,27590.65
"2019-04-30",79.112,17843.13,1644.34,7286.62,11821.14,2.7,1.55,7189.43,3371.72,17648.72,2221.39,48339.08,17430.87,2311.99,7811.47,82.92,12583.94,6884.83,4764.04,18448.13,27554.35,27554.35
"2019-03-31",78.414,17856.76,1659.24,7302.28,11821.25,2.69,1.55,7208.66,3397.94,17644.66,2213.2,48212.22,17408.26,2305.7,7804.12,82.82,12561.23,6879.94,4764.21,18424.94,27518.08,27518.08
"2019-02-28",81.784,17870.4,1674.13,7317.94,11821.37,2.69,1.55,7227.9,3424.16,17640.6,2205.01,48085.38,17385.66,2299.41,7796.72,82.75,12538.51,6875.05,4764.38,18401.75,27481.81,27481.81
"2019-01-31",80.258,17884.03,1689.02,7333.6,11821.48,2.68,1.56,7247.14,3450.38,17636.54,2196.86,47958.53,17363.03,2293.13,7789.37,82.67,12515.8,6870.16,4764.57,18378.52,27445.52,27445.52
"2018-12-31",76.835,17897.66,1703.91,7349.26,11821.6,2.68,1.56,7266.38,3476.6,17632.48,2188.68,47831.67,17340.42,2286.85,7782.01,82.59,12493.09,6865.25,4764.76,18355.34,27409.25,27409.25
"2018-11-30",76.591,17825.56,1732.91,7311.58,11785.72,2.67,1.55,7225.02,3475.71,17601.36,2171.11,47759.3,17291.9,2278.65,7738.36,82.57,12473.62,6825.44,4735.72,18312.38,27308.93,27308.93
"2018-10-31",81.328,17753.46,1761.92,7273.91,11749.84,2.67,1.55,7183.67,3474.82,17570.25,2153.55,47686.92,17243.38,2270.46,7694.71,82.56,12454.13,6785.63,4706.69,18269.43,27208.59,27208.59
"2018-09-30",82.334,17681.37,1790.93,7236.24,11713.96,2.67,1.55,7142.31,3473.93,17539.13,2135.98,47614.56,17194.86,2262.29,7651.1,82.53,12434.67,6745.79,4677.67,18226.48,27108.25,27108.25
"2018-08-31",84.43,17609.27,1819.93,7198.56,11678.08,2.67,1.54,7100.96,3473.04,17508.02,2118.42,47542.2,17146.36,2254.11,7607.44,82.54,12415.19,6705.99,4648.64,18183.52,27007.91,27007.91
"2018-07-31",86.9,17537.17,1848.94,7160.89,11642.2,2.66,1.54,7059.6,3472.15,17476.9,2100.85,47469.83,17097.85,2245.92,7563.8,82.52,12395.74,6666.13,4619.61,18140.59,26907.58,26907.58
"2018-06-30",89.333,17465.07,1877.94,7123.22,11606.32,2.66,1.54,7018.25,3471.26,17445.79,2083.29,47397.45,17049.33,2237.74,7520.17,82.5,12376.27,6626.32,4590.57,18097.62,26807.26,26807.26
"2018-05-31",92.153,17392.97,1906.95,7085.55,11570.44,2.66,1.53,6976.89,3470.37,17414.67,2065.73,47325.1,17000.82,2229.58,7476.54,82.48,12356.78,6586.52,4561.57,18054.68,26706.91,26706.91
"2018-04-30",94.022,17320.87,1935.95,7047.87,11534.56,2.66,1.53,6935.54,3469.48,17383.55,2048.17,47252.73,16952.3,2221.39,7432.89,82.48,12337.3,6546.69,4532.53,18011.74,26606.59,26606.59
"2018-03-31",95.355,17248.77,1964.96,7010.2,11498.68,2.65,1.53,6894.18,3468.59,17352.44,2030.61,47180.35,16903.79,2213.2,7389.24,82.47,12317.81,6506.88,4503.51,17968.76,26506.27,26506.27
"2018-02-28",95.601,17176.67,1993.96,6972.53,11462.8,2.65,1.52,6852.83,3467.7,17321.32,2013.03,47107.98,16855.29,2205.01,7345.61,82.44,12298.35,6467.04,4474.48,17925.82,26405.91,26405.91
"2018-01-31",98.252,17104.57,2022.97,6934.85,11426.92,2.65,1.52,6811.47,3466.81,17290.21,1995.46,47035.61,16806.77,2196.86,7301.97,82.43,12278.88,6427.24,4445.46,17882.87,26305.59,26305.59
"2017-12-31",97.963,17032.47,2051.97,6897.18,11391.04,2.65,1.52,6770.12,3465.92,17259.09,1977.92,46963.26,16758.25,2188.68,7258.33,82.42,12259.41,6387.41,4416.43,17839.92,26205.25,26205.25
"2017-11-30",103.853,16944.3,2043.68,6885.05,11341.02,2.64,1.51,6759.41,3440.03,17174.76,1977.64,46872.91,16702.24,2171.11,7265.69,82.21,12231.01,6387.94,4389.02,17773.45,26139.03,26139.03
"2017-10-31",102.677,16856.13,2035.38,6872.92,11290.99,2.64,1.51,6748.69,3414.14,17090.43,1977.39,46782.57,16646.22,2153.55,7273.06,81.99,12202.59,6388.46,4361.65,17706.98,26072.82,26072.82
"2017-09-30",103.835,16767.96,2027.08,6860.8,11240.97,2.64,1.5,6737.98,3388.24,17006.1,1977.12,46692.22,16590.22,2135.98,7280.41,81.78,12174.19,6388.99,4334.27,17640.5,26006.6,26006.6
"2017-08-31",99.161,16679.78,2018.79,6848.67,11190.95,2.63,1.5,6727.26,3362.35,16921.77,1976.87,46601.89,16534.18,2118.42,7287.77,81.56,12145.78,6389.51,4306.85,17574.02,25940.38,25940.38
"2017-07-31",96.659,16591.61,2010.49,6836.54,11140.92,2.63,1.49,6716.55,3336.46,16837.44,1976.59,46511.56,16478.17,2100.85,7295.13,81.34,12117.37,6390.01,4279.47,17507.55,25874.17,25874.17
"2017-06-30",97.473,16503.44,2002.19,6824.41,11090.9,2.63,1.49,6705.83,3310.57,16753.11,1976.33,46421.21,16422.16,2083.29,7302.51,81.12,12088.95,6390.53,4252.09,17441.08,25807.94,25807.94
"2017-05-31",101.962,16415.27,1993.89,6812.29,11040.87,2.63,1.48,6695.12,3284.67,16668.78,1976.06,46330.86,16366.15,2065.73,7309.86,80.91,12060.55,6391.08,4224.71,17374.61,25741.75,25741.75
"2017-04-30",97.578,16327.1,1985.6,6800.16,10990.85,2.62,1.47,6684.4,3258.78,16584.45,1975.81,46240.53,16310.14,2048.17,7317.23,80.7,12032.15,6391.59,4197.31,17308.14,25675.53,25675.53
"2017-03-31",101.591,16238.93,1977.3,6788.03,10940.82,2.62,1.47,6673.69,3232.89,16500.12,1975.53,46150.18,16254.14,2030.61,7324.59,80.48,12003.73,6392.11,4169.91,17241.66,25609.33,25609.33
"2017-02-28",107.969,16150.76,1969,6775.9,10890.8,2.62,1.46,6662.97,3207,16415.79,1975.27,46059.86,16198.12,2013.03,7331.94,80.26,11975.32,6392.6,4142.54,17175.2,25543.11,25543.11
"2017-01-31",112.192,16062.59,1960.71,6763.77,10840.78,2.62,1.46,6652.26,3181.1,16331.46,1975.02,45969.5,16142.1,1995.46,7339.31,80.06,11946.91,6393.15,4115.15,17108.71,25476.88,25476.88
"2016-12-31",110.259,15974.41,1952.41,6751.65,10790.75,2.61,1.45,6641.54,3155.21,16247.13,1974.74,45879.18,16086.09,1977.92,7346.67,79.83,11918.5,6393.67,4087.75,17042.24,25410.66,25410.66
"2016-11-30",106.161,15922.07,1938.86,6703.51,10756.3,2.61,1.45,6611.49,3153.51,16140.4,2002.1,45721.73,16043.22,1977.74,7293.7,79.76,11890.73,6354.47,4072.71,16958.1,25314.66,25314.66
"2016-10-31",101.847,15869.73,1925.31,6655.38,10721.84,2.61,1.45,6581.44,3151.81,16033.68,2029.44,45564.27,16000.33,1977.56,7240.74,79.68,11862.97,6315.25,4057.67,16873.95,25218.66,25218.66
"2016-09-30",104.32,15817.39,1911.76,6607.25,10687.39,2.61,1.44,6551.39,3150.1,15926.95,2056.77,45406.82,15957.47,1977.39,7187.8,79.64,11835.21,6276.05,4042.64,16789.81,25122.66,25122.66
"2016-08-31",102.386,15765.05,1898.21,6559.11,10652.94,2.61,1.44,6521.34,3148.4,15820.23,2084.14,45249.36,15914.59,1977.23,7134.84,79.56,11807.45,6236.84,4027.59,16705.65,25026.64,25026.64
"2016-07-31",94.903,15712.7,1884.66,6510.98,10618.48,2.61,1.44,6491.29,3146.7,15713.5,2111.5,45091.91,15871.69,1977.04,7081.89,79.49,11779.68,6197.63,4012.55,16621.51,24930.63,24930.63
"2016-06-30",97.927,15660.36,1871.1,6462.84,10584.03,2.61,1.43,6461.24,3145,15606.78,2138.82,44934.46,15828.82,1976.87,7028.91,79.41,11751.92,6158.42,3997.5,16537.38,24834.63,24834.63
"2016-05-31",99.556,15608.02,1857.55,6414.71,10549.58,2.61,1.43,6431.19,3143.3,15500.05,2166.17,44777.01,15785.96,1976.7,6975.96,79.35,11724.13,6119.2,3982.46,16453.23,24738.62,24738.62
"2016-04-30",101.169,15555.68,1844,6366.58,10515.12,2.61,1.43,6401.14,3141.59,15393.33,2193.54,44619.56,15743.09,1976.53,6923,79.28,11696.39,6080,3967.43,16369.09,24642.62,24642.62
"2016-03-31",97.343,15503.34,1830.45,6318.44,10480.67,2.61,1.42,6371.09,3139.89,15286.61,2220.87,44462.12,15700.2,1976.35,6870.04,79.21,11668.6,6040.79,3952.38,16284.94,24546.61,24546.61
"2016-02-29",92.151,15450.99,1816.9,6270.31,10446.21,2.61,1.42,6341.04,3138.19,15179.88,2248.21,44304.65,15657.34,1976.18,6817.07,79.13,11640.85,6001.57,3937.34,16200.79,24450.6,24450.6
"2016-01-31",85.291,15398.65,1803.35,6222.17,10411.76,2.61,1.42,6310.99,3136.49,15073.16,2275.56,44147.2,15614.47,1976.02,6764.12,79.07,11613.09,5962.37,3922.29,16116.64,24354.58,24354.58
"2015-12-31",86.681,15346.31,1789.8,6174.04,10377.31,2.61,1.41,6280.94,3134.78,14966.43,2302.91,43989.74,15571.59,1975.84,6711.16,79,11585.33,5923.17,3907.24,16032.49,24258.58,24258.58
"2015-11-30",85.129,15308.2,1812.55,6198.64,10351.12,2.61,1.41,6283.26,3106.4,14983.76,2294.03,43968.76,15514.56,2003.11,6739.38,78.98,11554.54,5921.29,3881.06,16041.72,24257.04,24257.04
"2015-10-31",87.756,15270.09,1835.3,6223.23,10324.93,2.6,1.41,6285.58,3078.01,15001.1,2285.17,43947.77,15457.54,2030.35,6767.6,78.94,11523.74,5919.4,3854.89,16050.94,24255.5,24255.5
"2015-09-30",81.961,15231.98,1858.05,6247.83,10298.74,2.6,1.41,6287.9,3049.62,15018.43,2276.3,43926.77,15400.54,2057.6,6795.81,78.91,11492.94,5917.51,3828.7,16060.15,24253.96,24253.96
"2015-08-31",82.295,15193.86,1880.79,6272.43,10272.55,2.6,1.4,6290.22,3021.23,15035.76,2267.44,43905.78,15343.52,2084.86,6824.02,78.89,11462.11,5915.61,3802.5,16069.36,24252.42,24252.42
"2015-07-31",90.429,15155.75,1903.54,6297.02,10246.36,2.6,1.4,6292.55,2992.85,15053.09,2258.57,43884.79,15286.52,2112.12,6852.23,78.86,11431.33,5913.72,3776.31,16078.58,24250.88,24250.88
"2015-06-30",95.89,15117.64,1926.29,6321.62,10220.17,2.6,1.4,6294.87,2964.46,15070.43,2249.7,43863.79,15229.5,2139.37,6880.44,78.85,11400.55,5911.83,3750.14,16087.79,24249.34,24249.34
"2015-05-31",94.49,15079.53,1949.04,6346.21,10193.98,2.6,1.4,6297.19,2936.07,15087.76,2240.83,43842.8,15172.5,2166.63,6908.68,78.8,11369.75,5909.92,3723.93,16097.02,24247.78,24247.78
"2015-04-30",91.867,15041.42,1971.79,6370.81,10167.79,2.6,1.4,6299.51,2907.69,15105.09,2231.98,43821.79,15115.48,2193.89,6936.9,78.77,11338.94,5908.06,3697.75,16106.22,24246.24,24246.24
"2015-03-31",92.615,15003.31,1994.54,6395.41,10141.6,2.59,1.39,6301.83,2879.3,15122.42,2223.11,43800.81,15058.44,2221.17,6965.1,78.75,11308.15,5906.17,3671.57,16115.44,24244.72,24244.72
"2015-02-28",95.18,14965.2,2017.28,6420,10115.41,2.59,1.39,6304.16,2850.91,15139.76,2214.24,43779.81,15001.45,2248.4,6993.32,78.71,11277.36,5904.28,3645.39,16124.66,24243.16,24243.16
"2015-01-31",95,14927.09,2040.03,6444.6,10089.22,2.59,1.39,6306.48,2822.52,15157.09,2205.37,43758.84,14944.43,2275.64,7021.55,78.71,11246.54,5902.39,3619.19,16133.86,24241.63,24241.63
"2014-12-31",97.892,14888.97,2062.78,6469.2,10063.03,2.59,1.39,6308.8,2794.14,15174.42,2196.51,43737.82,14887.42,2302.91,7049.75,78.68,11215.76,5900.5,3593,16143.09,24240.09,24240.09
"2014-11-30",100.851,14839.03,2052.36,6432.63,10032.63,2.59,1.38,6278.57,2793.19,15112.09,2180.48,43533.28,14862.56,2294.03,6989.03,78.57,11179.27,5875.37,3604.74,16089.77,24145.62,24145.62
"2014-10-31",100.091,14789.09,2041.94,6396.07,10002.24,2.59,1.38,6248.33,2792.24,15049.77,2164.47,43328.74,14837.7,2285.17,6928.3,78.47,11142.77,5850.24,3616.47,16036.46,24051.16,24051.16
"2014-09-30",98.551,14739.15,2031.52,6359.5,9971.84,2.59,1.38,6218.1,2791.29,14987.44,2148.44,43124.21,14812.83,2276.3,6867.56,78.36,11106.26,5825.11,3628.22,15983.13,23956.73,23956.73
"2014-08-31",101.648,14689.21,2021.1,6322.94,9941.44,2.59,1.38,6187.86,2790.34,14925.11,2132.43,42919.66,14787.96,2267.44,6806.82,78.26,11069.77,5800,3639.96,15929.83,23862.24,23862.24
"2014-07-31",110.629,14639.26,2010.67,6286.37,9911.04,2.59,1.37,6157.63,2789.39,14862.79,2116.39,42715.12,14763.1,2258.57,6746.1,78.16,11033.3,5774.86,3651.69,15876.51,23767.8,23767.8
"2014-06-30",115.222,14589.32,2000.25,6249.81,9880.65,2.59,1.37,6127.39,2788.44,14800.46,2100.36,42510.59,14738.25,2249.7,6685.37,78.05,10996.79,5749.75,3663.4,15823.21,23673.33,23673.33
"2014-05-31",119.177,14539.38,1989.83,6213.24,9850.25,2.58,1.37,6097.16,2787.5,14738.13,2084.34,42306.05,14713.37,2240.83,6624.64,77.94,10960.28,5724.63,3675.15,15769.9,23578.87,23578.87
"2014-04-30",121.53,14489.44,1979.41,6176.68,9819.85,2.58,1.36,6066.93,2786.55,14675.81,2068.34,42101.5,14688.53,2231.98,6563.92,77.84,10923.8,5699.5,3686.88,15716.59,23484.41,23484.41
"2014-03-31",125.384,14439.49,1968.99,6140.12,9789.45,2.58,1.36,6036.69,2785.6,14613.48,2052.31,41896.96,14663.68,2223.11,6503.18,77.74,10887.3,5674.37,3698.63,15663.27,23389.96,23389.96
"2014-02-28",120.84,14389.55,1958.57,6103.55,9759.06,2.58,1.36,6006.46,2784.65,14551.15,2036.31,41692.42,14638.81,2214.24,6442.48,77.63,10850.81,5649.25,3710.37,15609.96,23295.51,23295.51
"2014-01-31",115.58,14339.61,1948.15,6066.99,9728.66,2.58,1.36,5976.22,2783.7,14488.82,2020.27,41487.88,14613.95,2205.37,6381.73,77.52,10814.34,5624.11,3722.11,15556.65,23201.05,23201.05
"2013-12-31",120.383,14289.67,1937.73,6030.42,9698.26,2.58,1.35,5945.99,2782.75,14426.5,2004.26,41283.33,14589.07,2196.51,6321,77.43,10777.85,5599.01,3733.84,15503.34,23106.59,23106.59
"2013-11-30",121.969,14228.03,1933.36,6016.89,9662.61,2.58,1.35,5928.96,2771.46,14364.55,2003.01,41089.35,14525.61,2180.48,6308.46,77.42,10743.44,5586.25,3704.76,15425.31,23014.56,23014.56
"2013-10-31",116.039,14166.4,1928.99,6003.37,9626.96,2.58,1.35,5911.92,2760.16,14302.61,2001.75,40895.4,14462.16,2164.47,6295.93,77.41,10709.05,5573.51,3675.71,15347.28,22922.53,22922.53
"2013-09-30",112.917,14104.77,1924.63,5989.84,9591.31,2.58,1.34,5894.89,2748.86,14240.67,2000.49,40701.44,14398.69,2148.44,6283.4,77.41,10674.66,5560.75,3646.61,15269.26,22830.52,22830.52
"2013-08-31",111.895,14043.13,1920.26,5976.31,9555.66,2.58,1.34,5877.86,2737.57,14178.73,1999.26,40507.48,14335.22,2132.43,6270.86,77.4,10640.28,5547.99,3617.57,15191.25,22738.5,22738.5
"2013-07-31",116.221,13981.5,1915.89,5962.78,9520,2.58,1.33,5860.83,2726.27,14116.78,1997.99,40313.52,14271.77,2116.39,6258.32,77.39,10605.89,5535.25,3588.49,15113.24,22646.48,22646.48
"2013-06-30",120.681,13919.86,1911.53,5949.25,9484.35,2.58,1.33,5843.8,2714.97,14054.84,1996.74,40119.54,14208.29,2100.36,6245.78,77.38,10571.5,5522.5,3559.42,15035.21,22554.47,22554.47
"2013-05-31",121.046,13858.23,1907.16,5935.73,9448.7,2.58,1.33,5826.77,2703.67,13992.9,1995.5,39925.58,14144.83,2084.34,6233.24,77.38,10537.11,5509.76,3530.34,14957.2,22462.44,22462.44
"2013-04-30",120.636,13796.6,1902.79,5922.2,9413.05,2.58,1.32,5809.74,2692.38,13930.96,1994.26,39731.61,14081.37,2068.34,6220.72,77.37,10502.7,5497.01,3501.29,14879.16,22370.42,22370.42
"2013-03-31",122.382,13734.96,1898.43,5908.67,9377.4,2.59,1.32,5792.7,2681.08,13869.01,1993,39537.65,14017.88,2052.31,6208.17,77.36,10468.34,5484.25,3472.2,14801.15,22278.38,22278.38
"2013-02-28",125.549,13673.33,1894.06,5895.14,9341.75,2.59,1.32,5775.67,2669.78,13807.07,1991.76,39343.67,13954.44,2036.31,6195.65,77.35,10433.95,5471.52,3443.14,14723.12,22186.37,22186.37
"2013-01-31",124.28,13611.69,1889.7,5881.62,9306.1,2.59,1.31,5758.64,2658.48,13745.13,1990.5,39149.71,13890.97,2020.27,6183.11,77.34,10399.57,5458.75,3414.07,14645.1,22094.36,22094.36
"2012-12-31",118.381,13550.06,1885.33,5868.09,9270.44,2.59,1.31,5741.61,2647.19,13683.18,1989.25,38955.76,13827.5,2004.26,6170.58,77.34,10365.17,5446.01,3385,14567.09,22002.33,22002.33
"2012-11-30",121.522,13505.25,1884.77,5844.04,9250.94,2.59,1.31,5720.42,2627.85,13652.06,1966.75,38909.16,13782.59,2003.01,6141.99,77.07,10331.05,5422.1,3374.46,14538.73,21927.55,21927.55
"2012-10-31",124.897,13460.44,1884.22,5820,9231.45,2.59,1.31,5699.23,2608.51,13620.94,1944.25,38862.56,13737.65,2001.75,6113.39,76.8,10296.97,5398.2,3363.88,14510.34,21852.78,21852.78
"2012-09-30",136.926,13415.64,1883.67,5795.96,9211.95,2.59,1.3,5678.03,2589.17,13589.81,1921.76,38815.96,13692.74,2000.49,6084.8,76.52,10262.87,5374.28,3353.34,14481.97,21778.01,21778.01
"2012-08-31",138.313,13370.83,1883.11,5771.91,9192.45,2.58,1.3,5656.84,2569.83,13558.69,1899.25,38769.36,13647.79,1999.26,6056.2,76.25,10228.78,5350.4,3342.79,14453.61,21703.25,21703.25
"2012-07-31",138.557,13326.02,1882.56,5747.87,9172.95,2.58,1.3,5635.65,2550.49,13527.56,1876.76,38722.76,13602.88,1997.99,6027.6,75.98,10194.68,5326.49,3332.22,14425.25,21628.48,21628.48
"2012-06-30",135.258,13281.21,1882.01,5723.83,9153.45,2.58,1.3,5614.46,2531.16,13496.44,1854.25,38676.17,13557.96,1996.74,5999.01,75.71,10160.58,5302.57,3321.68,14396.88,21553.72,21553.72
"2012-05-31",144.397,13236.4,1881.45,5699.79,9133.95,2.58,1.3,5593.27,2511.82,13465.32,1831.74,38629.56,13513.04,1995.5,5970.42,75.44,10126.48,5278.67,3311.11,14368.49,21478.95,21478.95
"2012-04-30",156.292,13191.59,1880.9,5675.74,9114.45,2.58,1.3,5572.08,2492.48,13434.19,1809.25,38582.98,13468.12,1994.26,5941.81,75.18,10092.38,5254.77,3300.56,14340.15,21404.16,21404.16
"2012-03-31",152.473,13146.79,1880.34,5651.7,9094.95,2.58,1.29,5550.89,2473.14,13403.07,1786.77,38536.37,13423.19,1993,5913.21,74.9,10058.29,5230.89,3289.99,14311.77,21329.39,21329.39
"2012-02-29",148.335,13101.98,1879.79,5627.66,9075.45,2.58,1.29,5529.69,2453.8,13371.94,1764.26,38489.78,13378.27,1991.76,5884.61,74.64,10024.2,5206.97,3279.45,14283.4,21254.63,21254.63
"2012-01-31",144.328,13057.17,1879.24,5603.61,9055.95,2.58,1.29,5508.5,2434.46,13340.82,1741.74,38443.18,13333.34,1990.5,5856.01,74.36,9990.11,5183.07,3268.88,14255.03,21179.86,21179.86
"2011-12-31",140.453,13012.36,1878.68,5579.57,9036.45,2.58,1.29,5487.31,2415.12,13309.69,1719.25,38396.59,13288.42,1989.25,5827.41,74.1,9956,5159.17,3258.34,14226.66,21105.08,21105.08
"2011-11-30",144.96,12962.27,1861.59,5556.26,9019.5,2.58,1.29,5463.42,2398.13,13262.8,1696.89,38327.13,13227.32,1966.75,5805.53,73.45,9915.61,5126.41,3238.27,14176.33,20999.61,20999.61
"2011-10-31",137.991,12912.18,1844.5,5532.96,9002.56,2.58,1.29,5439.53,2381.14,13215.91,1674.53,38257.68,13166.22,1944.25,5783.68,72.83,9875.22,5093.64,3218.2,14125.97,20894.15,20894.15
"2011-09-30",147.82,12862.1,1827.41,5509.65,8985.61,2.58,1.29,5415.64,2364.15,13169.02,1652.19,38188.22,13105.14,1921.76,5761.79,72.18,9834.83,5060.87,3198.12,14075.63,20788.7,20788.7
"2011-08-31",151.482,12812.01,1810.32,5486.34,8968.67,2.57,1.29,5391.75,2347.15,13122.13,1629.84,38118.78,13044.04,1899.25,5739.91,71.56,9794.44,5028.11,3178.07,14025.26,20683.23,20683.23
"2011-07-31",156.053,12761.92,1793.23,5463.04,8951.72,2.57,1.28,5367.86,2330.16,13075.24,1607.47,38049.32,12982.97,1876.76,5718.04,70.92,9754.06,4995.35,3157.99,13974.93,20577.76,20577.76
"2011-06-30",160.776,12711.83,1776.14,5439.73,8934.77,2.57,1.28,5343.96,2313.17,13028.34,1585.12,37979.86,12921.86,1854.25,5696.17,70.29,9713.66,4962.58,3137.91,13924.58,20472.28,20472.28
"2011-05-31",162.403,12661.74,1759.05,5416.42,8917.83,2.57,1.28,5320.07,2296.17,12981.45,1562.76,37910.43,12860.78,1831.74,5674.29,69.65,9673.27,4929.82,3117.86,13874.25,20366.81,20366.81
"2011-04-30",162.787,12611.66,1741.96,5393.12,8900.88,2.57,1.28,5296.18,2279.18,12934.56,1540.41,37840.98,12799.69,1809.25,5652.43,69.03,9632.88,4897.06,3097.77,13823.89,20261.37,20261.37
"2011-03-31",163.111,12561.57,1724.87,5369.81,8883.94,2.56,1.28,5272.29,2262.19,12887.67,1518.05,37771.53,12738.6,1786.77,5630.54,68.39,9592.51,4864.29,3077.71,13773.54,20155.89,20155.89
"2011-02-28",175.434,12511.48,1707.78,5346.5,8866.99,2.56,1.28,5248.4,2245.2,12840.78,1495.69,37702.06,12677.52,1764.26,5608.66,67.77,9552.1,4831.53,3057.63,13723.19,20050.43,20050.43
"2011-01-31",174.488,12461.39,1690.69,5323.2,8850.05,2.56,1.28,5224.51,2228.2,12793.89,1473.36,37632.61,12616.41,1741.74,5586.79,67.12,9511.72,4798.77,3037.58,13672.85,19944.98,19944.98
"2010-12-31",166.264,12411.3,1673.6,5299.89,8833.1,2.56,1.28,5200.62,2211.21,12746.99,1451,37563.18,12555.34,1719.25,5564.92,66.49,9471.32,4766,3017.5,13622.5,19839.49,19839.49
"2010-11-30",153.872,12364.5,1653.9,5269.74,8834.54,2.56,1.28,5180.41,2182.5,12683.62,1443.75,37451.02,12520.56,1696.89,5557.15,67.06,9455.22,4755.35,2998.28,13575.54,19774.6,19774.6
"2010-10-31",139.178,12317.69,1634.2,5239.6,8835.99,2.56,1.28,5160.19,2153.79,12620.24,1436.49,37338.88,12485.81,1674.53,5549.38,67.64,9439.1,4744.69,2979.06,13528.58,19709.73,19709.73
"2010-09-30",124.853,12270.89,1614.5,5209.45,8837.44,2.56,1.28,5139.98,2125.08,12556.86,1429.24,37226.73,12451.05,1652.19,5541.64,68.2,9422.99,4734.02,2959.87,13481.59,19644.84,19644.84
"2010-08-31",121.807,12224.09,1594.8,5179.3,8838.88,2.56,1.28,5119.77,2096.37,12493.48,1421.98,37114.57,12416.3,1629.84,5533.86,68.77,9406.86,4723.35,2940.64,13434.63,19579.97,19579.97
"2010-07-31",110.134,12177.28,1575.09,5149.15,8840.33,2.56,1.28,5099.56,2067.66,12430.11,1414.72,37002.44,12381.5,1607.47,5526.1,69.35,9390.73,4712.69,2921.42,13387.67,19515.09,19515.09
"2010-06-30",106.028,12130.48,1555.39,5119,8841.77,2.56,1.29,5079.35,2038.95,12366.73,1407.46,36890.3,12346.73,1585.12,5518.33,69.91,9374.63,4702.04,2902.21,13340.7,19450.22,19450.22
"2010-05-31",107.167,12083.67,1535.69,5088.85,8843.22,2.55,1.29,5059.14,2010.24,12303.35,1400.2,36778.14,12311.99,1562.76,5510.57,70.48,9358.52,4691.38,2882.98,13293.75,19385.33,19385.33
"2010-04-30",109.364,12036.87,1515.99,5058.71,8844.66,2.55,1.29,5038.93,1981.53,12239.98,1392.94,36665.99,12277.23,1540.41,5502.81,71.06,9342.38,4680.73,2863.78,13246.78,19320.45,19320.45
"2010-03-31",110.325,11990.06,1496.29,5028.56,8846.11,2.55,1.29,5018.71,1952.82,12176.6,1385.68,36553.85,12242.46,1518.05,5495.05,71.63,9326.27,4670.07,2844.57,13199.8,19255.57,19255.57
"2010-02-28",107.309,11943.26,1476.59,4998.41,8847.55,2.55,1.29,4998.5,1924.11,12113.22,1378.42,36441.71,12207.69,1495.69,5487.28,72.19,9310.17,4659.4,2825.34,13152.85,19190.68,19190.68
"2010-01-31",107.102,11896.45,1456.89,4968.26,8849,2.55,1.29,4978.29,1895.4,12049.84,1371.19,36329.58,12172.95,1473.36,5479.51,72.78,9294.06,4648.74,2806.14,13105.89,19125.78,19125.78
"2009-12-31",107.565,11849.65,1437.18,4938.11,8850.44,2.55,1.29,4958.08,1866.69,11986.47,1363.91,36217.43,12138.17,1451,5471.75,73.35,9277.92,4638.08,2786.92,13058.92,19060.9,19060.9
"2009-11-30",101.755,11811.28,1424.12,4935.69,8823.14,2.55,1.29,4951.2,1870.8,11949.54,1356.76,35974,12079.17,1443.75,5445.28,73.71,9245.48,4623.66,2759.97,12987.79,18968.19,18968.19
"2009-10-31",95.171,11772.91,1411.05,4933.26,8795.83,2.55,1.29,4944.32,1874.9,11912.62,1349.57,35730.59,12020.15,1436.49,5418.82,74.08,9213.07,4609.23,2733.03,12916.64,18875.46,18875.46
"2009-09-30",93.247,11734.54,1397.99,4930.84,8768.53,2.55,1.29,4937.44,1879.01,11875.7,1342.43,35487.16,11961.13,1429.24,5392.36,74.45,9180.63,4594.81,2706.05,12845.5,18782.73,18782.73
"2009-08-31",97.854,11696.16,1384.92,4928.41,8741.22,2.55,1.28,4930.57,1883.12,11838.78,1335.25,35243.76,11902.13,1421.98,5365.9,74.83,9148.19,4580.4,2679.11,12774.36,18690,18690
"2009-07-31",89.903,11657.79,1371.86,4925.99,8713.91,2.54,1.28,4923.69,1887.23,11801.86,1328.09,35000.33,11843.13,1414.72,5339.43,75.2,9115.77,4565.97,2652.16,12703.23,18597.28,18597.28
"2009-06-30",100.72,11619.42,1358.79,4923.56,8686.61,2.54,1.28,4916.81,1891.34,11764.93,1320.91,34756.91,11784.13,1407.46,5312.95,75.58,9083.34,4551.54,2625.21,12632.08,18504.55,18504.55
"2009-05-31",106.605,11581.05,1345.72,4921.14,8659.3,2.54,1.28,4909.93,1895.45,11728.01,1313.75,34513.49,11725.12,1400.2,5286.49,75.96,9050.9,4537.11,2598.25,12560.94,18411.8,18411.8
"2009-04-30",93.804,11542.68,1332.66,4918.71,8632,2.54,1.27,4903.05,1899.55,11691.09,1306.57,34270.08,11666.1,1392.94,5260.02,76.34,9018.47,4522.71,2571.31,12489.8,18319.09,18319.09
"2009-03-31",81.488,11504.31,1319.59,4916.29,8604.69,2.54,1.27,4896.17,1903.66,11654.17,1299.42,34026.68,11607.11,1385.68,5233.55,76.69,8986.03,4508.27,2544.35,12418.67,18226.36,18226.36
"2009-02-28",82.237,11465.94,1306.53,4913.86,8577.38,2.54,1.27,4889.29,1907.77,11617.25,1292.25,33783.26,11548.11,1378.42,5207.09,77.09,8953.62,4493.83,2517.41,12347.53,18133.62,18133.62
"2009-01-31",82.778,11427.57,1293.46,4911.44,8550.08,2.53,1.27,4882.41,1911.88,11580.33,1285.07,33539.83,11489.09,1371.19,5180.64,77.46,8921.17,4479.43,2490.46,12276.39,18040.9,18040.9
"2008-12-31",78.55,11389.2,1280.4,4909.01,8522.77,2.53,1.26,4875.54,1915.99,11543.4,1277.91,33296.42,11430.09,1363.91,5154.17,77.83,8888.74,4465,2463.5,12205.25,17948.17,17948.17
"2008-11-30",82.03,11350.43,1270.33,4890.56,8500.91,2.53,1.26,4849.3,1924.98,11510.3,1276.31,33328.25,11381.22,1356.76,5152.62,77.12,8862.54,4439.69,2441.55,12174.61,17890.61,17890.61
"2008-10-31",92.214,11311.67,1260.27,4872.1,8479.04,2.53,1.26,4823.06,1933.96,11477.2,1274.69,33360.06,11332.36,1349.57,5151.09,76.43,8836.33,4414.38,2419.6,12143.96,17833.05,17833.05
"2008-09-30",120.592,11272.9,1250.21,4853.65,8457.17,2.53,1.26,4796.82,1942.95,11444.1,1273.07,33391.9,11283.5,1342.43,5149.55,75.71,8810.13,4389.04,2397.65,12113.33,17775.49,17775.49
"2008-08-31",135.619,11234.13,1240.15,4835.19,8435.31,2.53,1.25,4770.58,1951.94,11411,1271.47,33423.73,11234.64,1335.25,5148.02,75.03,8783.91,4363.75,2375.7,12082.7,17717.92,17717.92
"2008-07-31",164.799,11195.36,1230.09,4816.73,8413.44,2.52,1.25,4744.34,1960.93,11377.9,1269.86,33455.56,11185.78,1328.09,5146.49,74.32,8757.7,4338.45,2353.73,12052.06,17660.35,17660.35
"2008-06-30",178.316,11156.6,1220.03,4798.28,8391.57,2.52,1.25,4718.1,1969.92,11344.8,1268.26,33487.38,11136.92,1320.91,5144.94,73.62,8731.49,4313.13,2331.8,12021.42,17602.79,17602.79
"2008-05-31",172.018,11117.83,1209.97,4779.82,8369.71,2.52,1.25,4691.86,1978.91,11311.7,1266.63,33519.21,11088.05,1313.75,5143.43,72.92,8705.29,4287.81,2309.84,11990.79,17545.24,17545.24
"2008-04-30",169.405,11079.06,1199.91,4761.37,8347.84,2.52,1.25,4665.62,1987.89,11278.59,1265.05,33551.03,11039.19,1306.57,5141.9,72.22,8679.09,4262.5,2287.89,11960.15,17487.66,17487.66
"2008-03-31",176.602,11040.29,1189.85,4742.91,8325.98,2.52,1.24,4639.38,1996.88,11245.49,1263.42,33582.84,10990.32,1299.42,5140.35,71.51,8652.89,4237.18,2265.93,11929.5,17430.11,17430.11
"2008-02-29",168.632,11001.52,1179.79,4724.46,8304.11,2.52,1.24,4613.14,2005.87,11212.39,1261.8,33614.66,10941.48,1292.25,5138.81,70.81,8626.64,4211.88,2243.99,11898.87,17372.56,17372.56
"2008-01-31",154.097,10962.76,1169.73,4706,8282.24,2.51,1.24,4586.9,2014.86,11179.29,1260.18,33646.5,10892.62,1285.07,5137.28,70.12,8600.46,4186.55,2222.04,11868.21,17314.98,17314.98
"2007-12-31",138.557,10923.99,1159.67,4687.55,8260.38,2.51,1.24,4560.66,2023.85,11146.19,1258.59,33678.33,10843.74,1277.91,5135.76,69.42,8574.24,4161.24,2200.08,11837.58,17257.42,17257.42
"2007-11-30",136.25,10894.23,1151.72,4654.29,8260.29,2.51,1.24,4545.02,2013.77,11097.26,1256.36,33620.98,10792.53,1276.31,5119.71,69.33,8552.1,4138.88,2171.12,11793.34,17188.56,17188.56
"2007-10-31",125.851,10864.47,1143.78,4621.04,8260.21,2.51,1.24,4529.39,2003.7,11048.33,1254.12,33563.64,10741.32,1274.69,5103.69,69.24,8529.94,4116.5,2142.14,11749.08,17119.72,17119.72
"2007-09-30",118.247,10834.71,1135.84,4587.78,8260.13,2.5,1.24,4513.76,1993.63,10999.4,1251.89,33506.32,10690.09,1273.07,5087.67,69.16,8507.79,4094.12,2113.17,11704.85,17050.86,17050.86
"2007-08-31",112.798,10804.96,1127.9,4554.52,8260.04,2.5,1.24,4498.13,1983.55,10950.46,1249.66,33448.97,10638.89,1271.47,5071.63,69.06,8485.64,4071.75,2084.19,11660.59,16982,16982
"2007-07-31",108.578,10775.2,1119.95,4521.27,8259.96,2.49,1.25,4482.5,1973.48,10901.53,1247.43,33391.62,10587.68,1269.86,5055.61,68.97,8463.48,4049.39,2055.22,11616.33,16913.15,16913.15
"2007-06-30",104.924,10745.44,1112.01,4488.01,8259.88,2.49,1.25,4466.86,1963.4,10852.6,1245.19,33334.29,10536.45,1268.26,5039.6,68.88,8441.33,4026.98,2026.25,11572.09,16844.28,16844.28
"2007-05-31",100.253,10715.68,1104.07,4454.75,8259.8,2.48,1.25,4451.23,1953.33,10803.67,1242.97,33276.96,10485.23,1266.63,5023.55,68.78,8419.18,4004.62,1997.26,11527.84,16775.44,16775.44
"2007-04-30",92.759,10685.92,1096.13,4421.5,8259.71,2.48,1.25,4435.6,1943.26,10754.74,1240.76,33219.61,10434.03,1265.05,5007.54,68.7,8397.02,3982.24,1968.3,11483.59,16706.58,16706.58
"2007-03-31",84.418,10656.17,1088.18,4388.24,8259.63,2.48,1.25,4419.97,1933.18,10705.81,1238.53,33162.27,10382.81,1263.42,4991.5,68.6,8374.89,3959.88,1939.32,11439.34,16637.73,16637.73
"2007-02-28",82.87,10626.41,1080.24,4354.99,8259.55,2.47,1.25,4404.33,1923.11,10656.88,1236.3,33104.92,10331.59,1261.8,4975.48,68.51,8352.73,3937.49,1910.36,11395.08,16568.87,16568.87
"2007-01-31",82.271,10596.65,1072.3,4321.73,8259.46,2.47,1.25,4388.7,1913.03,10607.95,1234.06,33047.58,10280.38,1260.18,4959.44,68.43,8330.59,3915.14,1881.38,11350.82,16500.02,16500.02
"2006-12-31",83.005,10566.89,1064.36,4288.47,8259.38,2.46,1.25,4373.07,1902.96,10559.02,1231.84,32990.25,10229.17,1258.59,4943.41,68.34,8308.41,3892.76,1852.41,11306.58,16431.16,16431.16
"2006-11-30",78.347,10521.38,1057.96,4280.69,8252.69,2.46,1.25,4342.64,1874.57,10533.19,1220.95,32887.86,10188.76,1256.36,4923.8,68.96,8293.17,3870.85,1826.66,11277.16,16368.94,16368.94
"2006-10-31",72.698,10475.86,1051.57,4272.91,8246,2.46,1.25,4312.22,1846.19,10507.37,1210.04,32785.5,10148.4,1254.12,4904.21,69.57,8277.92,3848.93,1800.9,11247.75,16306.74,16306.74
"2006-09-30",71.703,10430.34,1045.18,4265.12,8239.32,2.45,1.25,4281.79,1817.8,10481.55,1199.17,32683.12,10108.01,1251.89,4884.6,70.19,8262.69,3827,1775.15,11218.35,16244.52,16244.52
"2006-08-31",73.546,10384.82,1038.78,4257.34,8232.63,2.45,1.26,4251.36,1789.42,10455.72,1188.28,32580.76,10067.65,1249.66,4865.01,70.82,8247.45,3805.11,1749.39,11188.93,16182.32,16182.32
"2006-07-31",70.446,10339.31,1032.39,4249.55,8225.94,2.44,1.26,4220.94,1761.03,10429.9,1177.38,32478.38,10027.25,1247.43,4845.39,71.42,8232.21,3783.22,1723.62,11159.49,16120.1,16120.1
"2006-06-30",67.937,10293.79,1025.99,4241.77,8219.25,2.44,1.26,4190.51,1732.65,10404.08,1166.51,32376.01,9986.86,1245.19,4825.81,72.05,8216.95,3761.29,1697.87,11130.09,16057.88,16057.88
"2006-05-31",68.283,10248.27,1019.6,4233.99,8212.56,2.43,1.26,4160.09,1704.26,10378.25,1155.61,32273.62,9946.5,1242.97,4806.19,72.66,8201.72,3739.37,1672.1,11100.67,15995.66,15995.66
"2006-04-30",66.758,10202.75,1013.21,4226.2,8205.88,2.43,1.26,4129.66,1675.87,10352.43,1144.72,32171.23,9906.1,1240.76,4786.59,73.28,8186.46,3717.48,1646.37,11071.25,15933.43,15933.43
"2006-03-31",65.156,10157.24,1006.81,4218.42,8199.19,2.42,1.26,4099.23,1647.49,10326.61,1133.83,32068.88,9865.72,1238.53,4766.98,73.89,8171.23,3695.57,1620.6,11041.83,15871.21,15871.21
"2006-02-28",64.988,10111.72,1000.42,4210.63,8192.5,2.42,1.26,4068.81,1619.1,10300.79,1122.94,31966.51,9825.35,1236.3,4747.36,74.52,8155.98,3673.66,1594.85,11012.41,15809.01,15809.01
"2006-01-31",63.673,10066.2,994.03,4202.85,8185.81,2.41,1.26,4038.38,1590.72,10274.96,1112.06,31864.12,9784.97,1234.06,4727.77,75.14,8140.75,3651.74,1569.09,10983.02,15746.81,15746.81
"2005-12-31",63.492,10020.68,987.63,4195.07,8179.12,2.41,1.26,4007.95,1562.33,10249.14,1101.18,31761.74,9744.58,1231.84,4708.16,75.76,8125.51,3629.83,1543.32,10953.6,15684.6,15684.6
"2005-11-30",65.441,9982.87,984.19,4160.67,8156.37,2.41,1.26,3983.29,1556.01,10204.09,1092.44,31625.02,9697.62,1220.95,4674.34,75.4,8103.22,3603.05,1518.99,10897.39,15592.88,15592.88
"2005-10-31",66.808,9945.05,980.74,4126.27,8133.61,2.4,1.25,3958.63,1549.7,10159.04,1083.71,31488.29,9650.63,1210.04,4640.48,75.06,8080.93,3576.27,1494.64,10841.2,15501.17,15501.17
"2005-09-30",64.002,9907.24,977.3,4091.88,8110.86,2.4,1.25,3933.97,1543.38,10113.99,1074.98,31351.55,9603.67,1199.17,4606.65,74.71,8058.66,3549.48,1470.32,10785.02,15409.49,15409.49
"2005-08-31",62.51,9869.42,973.85,4057.48,8088.1,2.4,1.25,3909.31,1537.07,10068.94,1066.25,31214.84,9556.69,1188.28,4572.8,74.36,8036.37,3522.69,1445.97,10728.84,15317.77,15317.77
"2005-07-31",64.435,9831.61,970.41,4023.08,8065.35,2.39,1.25,3884.65,1530.75,10023.9,1057.53,31078.1,9509.73,1177.38,4538.96,74.01,8014.09,3495.92,1421.64,10672.63,15226.06,15226.06
"2005-06-30",64.637,9793.79,966.96,3988.69,8042.59,2.39,1.24,3859.99,1524.43,9978.85,1048.79,30941.38,9462.75,1166.51,4505.11,73.67,7991.8,3469.12,1397.29,10616.46,15134.38,15134.38
"2005-05-31",64.227,9755.97,963.52,3954.29,8019.83,2.39,1.24,3835.33,1518.12,9933.8,1040.06,30804.65,9415.78,1155.61,4471.3,73.32,7969.51,3442.34,1372.95,10560.26,15042.67,15042.67
"2005-04-30",65.075,9718.16,960.07,3919.9,7997.08,2.38,1.24,3810.67,1511.8,9888.75,1031.32,30667.92,9368.81,1144.72,4437.44,72.96,7947.21,3415.54,1348.61,10504.07,14950.99,14950.99
"2005-03-31",66.743,9680.34,956.62,3885.5,7974.32,2.38,1.24,3786.01,1505.49,9843.7,1022.61,30531.19,9321.83,1133.83,4403.62,72.63,7924.93,3388.77,1324.27,10447.89,14859.26,14859.26
"2005-02-28",62.266,9642.53,953.18,3851.1,7951.57,2.38,1.23,3761.34,1499.17,9798.65,1013.88,30394.46,9274.87,1122.94,4369.76,72.28,7902.65,3361.99,1299.93,10391.73,14767.57,14767.57
"2005-01-31",63.149,9604.71,949.73,3816.71,7928.81,2.37,1.23,3736.68,1492.85,9753.6,1005.15,30257.73,9227.89,1112.06,4335.93,71.92,7880.37,3335.19,1275.6,10335.52,14675.88,14675.88
"2004-12-31",66.021,9566.9,946.29,3782.31,7906.06,2.37,1.23,3712.02,1486.54,9708.55,996.41,30120.99,9180.93,1101.18,4302.08,71.58,7858.06,3308.41,1251.24,10279.34,14584.16,14584.16
"2004-11-30",66.938,9487.32,940.34,3755.31,7831.51,2.37,1.22,3683.78,1486.32,9628.86,992.72,29924.82,9132.8,1092.44,4268.53,71.65,7827.18,3290.11,1233.95,10210.96,14493.79,14493.79
"2004-10-31",65.803,9407.73,934.39,3728.3,7756.96,2.37,1.21,3655.54,1486.11,9549.16,989.03,29728.67,9084.68,1083.71,4234.99,71.72,7796.28,3271.8,1216.68,10142.55,14403.38,14403.38
"2004-09-30",66.27,9328.15,928.45,3701.29,7682.42,2.36,1.2,3627.3,1485.9,9469.47,985.33,29532.48,9036.57,1074.98,4201.44,71.79,7765.38,3253.49,1199.38,10074.16,14312.98,14312.98
"2004-08-31",65.44,9248.57,922.5,3674.29,7607.87,2.36,1.19,3599.05,1485.69,9389.78,981.64,29336.31,8988.44,1066.25,4167.9,71.85,7734.47,3235.16,1182.11,10005.77,14222.57,14222.57
"2004-07-31",64.82,9168.99,916.55,3647.28,7533.32,2.36,1.18,3570.81,1485.47,9310.08,977.96,29140.13,8940.32,1057.53,4134.34,71.93,7703.57,3216.86,1164.81,9937.38,14132.19,14132.19
"2004-06-30",66.064,9089.41,910.6,3620.28,7458.77,2.36,1.17,3542.57,1485.26,9230.39,974.24,28943.96,8892.19,1048.79,4100.79,71.99,7672.67,3198.53,1147.55,9869.01,14041.78,14041.78
"2004-05-31",73.516,9009.83,904.66,3593.27,7384.23,2.35,1.16,3514.33,1485.05,9150.69,970.57,28747.78,8844.1,1040.06,4067.25,72.07,7641.78,3180.23,1130.26,9800.6,13951.39,13951.39
"2004-04-30",76.453,8930.24,898.71,3566.27,7309.68,2.35,1.15,3486.09,1484.83,9071,966.84,28551.6,8795.99,1031.32,4033.7,72.13,7610.86,3161.93,1112.98,9732.21,13861.01,13861.01
"2004-03-31",76.733,8850.66,892.76,3539.26,7235.13,2.35,1.14,3457.84,1484.62,8991.3,963.17,28355.45,8747.85,1022.61,4000.13,72.21,7579.96,3143.58,1095.69,9663.83,13770.61,13770.61
"2004-02-29",76.063,8771.08,886.81,3512.26,7160.59,2.34,1.13,3429.6,1484.41,8911.61,959.47,28159.27,8699.74,1013.88,3966.61,72.28,7549.06,3125.29,1078.4,9595.43,13680.21,13680.21
"2004-01-31",71.219,8691.5,880.87,3485.25,7086.04,2.34,1.12,3401.36,1484.2,8831.92,955.77,27963.09,8651.62,1005.15,3933.03,72.34,7518.15,3106.99,1061.11,9527.05,13589.8,13589.8
"2003-12-31",71.564,8611.92,874.92,3458.24,7011.49,2.34,1.1,3373.12,1483.98,8752.22,952.1,27766.92,8603.51,996.41,3899.5,72.42,7487.25,3088.66,1043.83,9458.69,13499.42,13499.42
"2003-11-30",68.834,8573.87,870.32,3442.23,6984.9,2.34,1.1,3353.95,1474.34,8709.91,949.98,27691.59,8563.34,992.72,3873.59,72.42,7457.88,3069.15,1033.05,9410.5,13429.64,13429.64
"2003-10-31",67.387,8535.83,865.72,3426.22,6958.3,2.34,1.1,3334.79,1464.7,8667.61,947.88,27616.25,8523.18,989.03,3847.66,72.44,7428.48,3049.66,1022.25,9362.34,13359.88,13359.88
"2003-09-30",59.335,8497.78,861.12,3410.2,6931.71,2.34,1.1,3315.62,1455.05,8625.3,945.78,27540.93,8483.01,985.33,3821.76,72.43,7399.12,3030.18,1011.46,9314.17,13290.1,13290.1
"2003-08-31",57.089,8459.74,856.53,3394.19,6905.12,2.34,1.09,3296.46,1445.41,8582.99,943.67,27465.58,8442.86,981.64,3795.84,72.46,7369.76,3010.69,1000.68,9266,13220.34,13220.34
"2003-07-31",58.839,8421.69,851.93,3378.18,6878.52,2.33,1.09,3277.29,1435.77,8540.68,941.56,27390.25,8402.7,977.96,3769.91,72.45,7340.37,2991.15,989.88,9217.83,13150.56,13150.56
"2003-06-30",61.955,8383.65,847.33,3362.16,6851.93,2.33,1.09,3258.13,1426.12,8498.37,939.47,27314.91,8362.54,974.24,3743.98,72.46,7311,2971.67,979.09,9169.68,13080.78,13080.78
"2003-05-31",61.092,8345.6,842.73,3346.15,6825.34,2.33,1.08,3238.96,1416.48,8456.07,937.34,27239.58,8322.38,970.57,3718.09,72.46,7281.62,2952.16,968.29,9121.51,13011.02,13011.02
"2003-04-30",59.567,8307.56,838.13,3330.14,6798.74,2.33,1.08,3219.8,1406.84,8413.76,935.24,27164.25,8282.23,966.84,3692.19,72.48,7252.24,2932.67,957.49,9073.33,12941.24,12941.24
"2003-03-31",59.234,8269.52,833.54,3314.13,6772.15,2.33,1.08,3200.63,1397.2,8371.45,933.15,27088.91,8242.06,963.17,3666.24,72.48,7222.87,2913.16,946.72,9025.17,12871.48,12871.48
"2003-02-28",62.353,8231.47,828.94,3298.11,6745.55,2.33,1.07,3181.47,1387.55,8329.14,931.04,27013.6,8201.9,959.47,3640.34,72.49,7193.5,2893.66,935.91,8977,12801.7,12801.7
"2003-01-31",64.323,8193.43,824.34,3282.1,6718.96,2.33,1.07,3162.3,1377.91,8286.84,928.93,26938.24,8161.74,955.77,3614.41,72.49,7164.12,2874.18,925.12,8928.84,12731.93,12731.93
"2002-12-31",65.512,8155.38,819.74,3266.09,6692.37,2.33,1.07,3143.14,1368.27,8244.53,926.83,26862.9,8121.59,952.1,3588.51,72.51,7134.77,2854.66,914.32,8880.64,12662.14,12662.14
"2002-11-30",63.906,8135.98,822.56,3238.11,6679.05,2.32,1.07,3123.74,1363.98,8215.49,925.94,26795.54,8087.53,949.98,3560.86,72.92,7109.97,2823.88,904.64,8848.57,12598.39,12598.39
"2002-10-31",58.76,8116.57,825.37,3210.13,6665.74,2.32,1.07,3104.33,1359.69,8186.45,925.05,26728.16,8053.48,947.88,3533.22,73.34,7085.2,2793.09,894.97,8816.47,12534.59,12534.59
"2002-09-30",56.677,8097.17,828.19,3182.15,6652.42,2.32,1.06,3084.93,1355.4,8157.41,924.14,26660.77,8019.42,945.78,3505.6,73.76,7060.4,2762.31,885.26,8784.34,12470.81,12470.81
"2002-08-31",59.647,8077.76,831.01,3154.17,6639.11,2.32,1.06,3065.53,1351.11,8128.37,923.25,26593.39,7985.4,943.67,3477.98,74.2,7035.63,2731.53,875.58,8752.25,12407.01,12407.01
"2002-07-31",56.148,8058.36,833.82,3126.2,6625.79,2.31,1.06,3046.13,1346.82,8099.33,922.35,26526,7951.35,941.56,3450.35,74.62,7010.83,2700.75,865.89,8720.14,12343.25,12343.25
"2002-06-30",55.804,8038.95,836.64,3098.22,6612.47,2.31,1.06,3026.72,1342.54,8070.29,921.46,26458.64,7917.29,939.47,3422.71,75.04,6986.03,2669.95,856.21,8688.04,12279.46,12279.46
"2002-05-31",51.641,8019.55,839.46,3070.24,6599.16,2.31,1.06,3007.32,1338.25,8041.25,920.56,26391.25,7883.23,937.34,3395.08,75.46,6961.26,2639.16,846.52,8655.95,12215.68,12215.68
"2002-04-30",48.969,8000.14,842.27,3042.26,6585.84,2.31,1.06,2987.92,1333.96,8012.21,919.68,26323.86,7849.2,935.24,3367.44,75.89,6936.46,2608.4,836.84,8623.81,12151.91,12151.91
"2002-03-31",47.622,7980.74,845.09,3014.28,6572.53,2.31,1.06,2968.52,1329.67,7983.17,918.79,26256.47,7815.15,933.15,3339.8,76.32,6911.69,2577.6,827.15,8591.72,12088.11,12088.11
"2002-02-28",47.786,7961.33,847.91,2986.31,6559.21,2.3,1.06,2949.11,1325.38,7954.13,917.89,26189.1,7781.08,931.04,3312.18,76.74,6886.89,2546.82,817.46,8559.63,12024.32,12024.32
"2002-01-31",49.261,7941.93,850.72,2958.33,6545.9,2.3,1.06,2929.71,1321.09,7925.09,916.98,26121.72,7747.04,928.93,3284.55,77.16,6862.11,2516.03,807.77,8527.52,11960.53,11960.53
"2001-12-31",50.608,7922.52,853.54,2930.35,6532.58,2.3,1.06,2910.31,1316.8,7896.05,916.09,26054.34,7713.01,926.83,3256.92,77.59,6837.32,2485.25,798.09,8495.42,11896.76,11896.76
"2001-11-30",48.269,7891.55,857.42,2917.5,6512.67,2.3,1.05,2888.29,1306.83,7883.13,911.65,25939.29,7697.39,925.94,3235.97,77.25,6825.49,2477.71,794.63,8469.89,11859.27,11859.27
"2001-10-31",43.295,7860.59,861.29,2904.65,6492.77,2.29,1.05,2866.28,1296.85,7870.22,907.25,25824.23,7681.73,925.05,3215,76.92,6813.65,2470.15,791.18,8444.39,11821.81,11821.81
"2001-09-30",45.396,7829.62,865.17,2891.8,6472.86,2.29,1.05,2844.26,1286.87,7857.3,902.83,25709.18,7666.12,924.14,3194.06,76.61,6801.81,2462.63,787.7,8418.87,11784.33,11784.33
"2001-08-31",50.021,7798.65,869.04,2878.95,6452.95,2.29,1.05,2822.25,1276.89,7844.39,898.42,25594.11,7650.5,923.25,3173.1,76.28,6789.97,2455.08,784.25,8393.38,11746.87,11746.87
"2001-07-31",47.436,7767.68,872.92,2866.1,6433.05,2.28,1.05,2800.23,1266.91,7831.47,894.01,25479.06,7634.89,922.35,3152.16,75.95,6778.13,2447.54,780.79,8367.85,11709.38,11709.38
"2001-06-30",38.847,7736.71,876.8,2853.25,6413.14,2.28,1.04,2778.21,1256.94,7818.56,889.58,25364,7619.27,921.46,3131.22,75.62,6766.3,2440,777.31,8342.32,11671.91,11671.91
"2001-05-31",36.566,7705.75,880.67,2840.4,6393.23,2.28,1.04,2756.2,1246.96,7805.65,885.17,25248.95,7603.62,920.56,3110.25,75.3,6754.43,2432.45,773.87,8316.83,11634.45,11634.45
"2001-04-30",38.033,7674.78,884.55,2827.55,6373.32,2.28,1.04,2734.18,1236.98,7792.73,880.75,25133.88,7588,919.68,3089.3,74.97,6742.61,2424.92,770.41,8291.3,11596.97,11596.97
"2001-03-31",38.203,7643.81,888.43,2814.69,6353.42,2.27,1.04,2712.17,1227,7779.82,876.33,25018.83,7572.36,918.79,3068.36,74.64,6730.77,2417.38,766.95,8265.8,11559.49,11559.49
"2001-02-28",35.828,7612.84,892.3,2801.84,6333.51,2.27,1.03,2690.15,1217.02,7766.9,871.9,24903.78,7556.74,917.89,3047.39,74.32,6718.94,2409.82,763.49,8240.28,11522.03,11522.03
"2001-01-31",37.274,7581.87,896.18,2788.99,6313.6,2.27,1.03,2668.13,1207.05,7753.99,867.5,24788.72,7541.12,916.98,3026.45,73.99,6707.09,2402.3,760.05,8214.77,11484.56,11484.56
"2000-12-31",38.139,7550.91,900.06,2776.14,6293.7,2.26,1.03,2646.12,1197.07,7741.07,863.08,24673.68,7525.5,916.09,3005.51,73.66,6695.25,2394.74,756.59,8189.25,11447.08,11447.08
"2000-11-30",37.673,7525.71,895.04,2754.79,6283.36,2.26,1.03,2632.01,1187.22,7716.41,,,,,,,,,,,,
"2000-10-31",36.377,7500.52,890.03,2733.45,6273.02,2.26,1.03,2617.89,1177.38,7691.74,,,,,,,,,,,,
"2000-09-30",38.47,7475.32,885.02,2712.1,6262.68,2.26,1.03,2603.78,1167.53,7667.08,,,,,,,,,,,,
"2000-08-31",41.702,7450.13,880.01,2690.75,6252.35,2.25,1.03,2589.66,1157.69,7642.41,,,,,,,,,,,,
"2000-07-31",42.668,7424.94,874.99,2669.4,6242.01,2.25,1.03,2575.55,1147.84,7617.75,,,,,,,,,,,,
"2000-06-30",42.929,7399.74,869.98,2648.06,6231.67,2.25,1.03,2561.44,1138,7593.08,,,,,,,,,,,,
"2000-05-31",44.489,7374.55,864.97,2626.71,6221.34,2.25,1.03,2547.32,1128.15,7568.42,,,,,,,,,,,,
"2000-04-30",49.499,7349.36,859.96,2605.36,6211,2.24,1.03,2533.21,1118.31,7543.75,,,,,,,,,,,,
"2000-03-31",47.819,7324.16,854.95,2584.01,6200.66,2.24,1.02,2519.1,1108.46,7519.09,,,,,,,,,,,,
"2000-02-29",46.368,7298.97,849.93,2562.66,6190.32,2.24,1.02,2504.98,1098.62,7494.42,,,,,,,,,,,,
"2000-01-31",48.583,7273.77,844.92,2541.32,6179.99,2.24,1.02,2490.87,1088.77,7469.76,,,,,,,,,,,,
