"year","vegetable-oil_price","vegetable-oil_oecd_world-price","coconut_price","crude-average_price","palm_price","peanut_price","soybean_price","palm-kernel_price","rapeseed_price","sunflower_price","coconut_exports","cottonseed_exports","olive_exports","palm_exports","palm-kernel_exports","peanut_exports","rapeseed_exports","soybean_exports","sunflower_exports","coconut_production","cottonseed_production","olive_production","palm_production","palm-kernel_production","peanut_production","rapeseed_production","soybean_production","sunflower_production","vegetable-oil_exports","vegetable-oil_production","vegetable-oil_oecd_biodiesel-production-from-commodity","vegetable-oil_oecd_biofuel-use","vegetable-oil_oecd_consumption","vegetable-oil_oecd_ending-stocks","vegetable-oil_oecd_exports","vegetable-oil_oecd_food","vegetable-oil_oecd_food-fat-availability","vegetable-oil_oecd_food-protein-availability","vegetable-oil_oecd_human-consumption-per-capita","vegetable-oil_oecd_imports","vegetable-oil_oecd_other-use","vegetable-oil_oecd_production","vegetable-oil_oecd_total-calorie-availability","year (right)","worldbank_agriculture-forestry-and-fishing-value-added-perc-of-gdp","worldbank_cereal-production-metric-tons","worldbank_cereal-yield-kg-per-hectare","worldbank_co2-emissions-kg-per-ppp-$-of-gdp","worldbank_co2-emissions-kt","worldbank_co2-emissions-metric-tons-per-capita","worldbank_combustible-renewables-and-waste-perc-of-total-energy","worldbank_electric-power-consumption-kwh-per-capita","worldbank_energy-use-kg-of-oil-equivalent-per-capita","worldbank_exports-of-goods-and-services-perc-of-gdp","worldbank_fertility-rate-total-births-per-woman","worldbank_fertilizer-consumption-kilograms-per-hectare-of-arable-land","worldbank_fertilizer-consumption-perc-of-fertilizer-production","worldbank_foreign-direct-investment-net-inflows-bop-current-us$","worldbank_forest-area-sq-km","worldbank_fossil-fuel-energy-consumption-perc-of-total","worldbank_gdp-current-us$","worldbank_gdp-growth-annual-perc","worldbank_gdp-per-capita-ppp-current-international-$","worldbank_gdp-ppp-current-international-$","worldbank_gni-per-capita-atlas-method-current-us$","worldbank_gni-per-capita-ppp-current-international-$","worldbank_gni-ppp-current-international-$","worldbank_gross-capital-formation-perc-of-gdp","worldbank_inflation-gdp-deflator-annual-perc","worldbank_life-expectancy-at-birth-total-years","worldbank_mortality-rate-under-5-per-1000-live-births","worldbank_population-density-people-per-sq-km-of-land-area","worldbank_population-growth-annual-perc","worldbank_population-total","worldbank_surface-area-sq-km","worldbank_urban-population-growth-annual-perc","worldbank_agricultural-raw-materials-exports-perc-of-merchandise-exports","worldbank_tax-revenue-perc-of-gdp","worldbank_prevalence-of-underweight-weight-for-age-perc-of-children-under-5","worldbank_time-required-to-start-a-business-days"
2022,212.082,878.477,,,,,,,,,,,,,,,,,,,,,,,,,,,,,36617.87,33349.898,221968.721,20324.779,89120.399,147229.564,33.422,0.028,18.609,89120.399,41301.636,222906.541,300.908,,,,,,,,,,,,,,,,,,,,,,,,,,,,,,,,,,,,,
2021,164.851,899.245,1695.71,72.867,1270.29,2154.06,1411.21,1861.43,1742.5,1361.831,1933,105,1463,49633,3398,398,5514,20036,12168,3510,5090,3283,75594,8700,6498,28277,76086,21112,94648,228150,35719.634,32529.408,218661.05,19386.959,88051.741,145631.525,33.375,0.028,18.591,88051.741,40540.009,219691.011,300.484,,,,,,,,,,,,,,,,,,,,,,,,,,,,,,,,,,,,,
2020,99.444,940.976,1464.965,48.727,1016.374,1977.174,1026.196,1224.868,1097.626,1170.02,1789,99,1368,48054,3168,487,6383,19682,11240,3442,4812,2922,73072,8393,6435,29133,76578,19109,92270,223896,34418.64,31337.652,213293.883,18356.998,87613.267,142330.911,33.321,0.028,18.357,86059.232,39625.319,214902.314,299.995,2020,4.3458326248959,,,,,,,,,26.4670007818358,,,,1227749358770.28,,,84746979120044.5,-3.29349659895067,17135.4770597206,132999063958048,11067.8617289733,17055.3187676726,132376905743620,26.356621531891,1.79208219546126,,36.6,59.7280722440171,1.01840551729539,7761620146,,1.8091145274465,1.35357776870787,,12.5976877212524,
2019,83.239,751.098,1031.29,63.353,763.73,1404.96,833.52,969.77,900.66,776,1872,114,1467,48445,3291,312,5872,19600,13472,3462,5148,3124,72995,8527,6224,28090,74896,21139,94445,223605,36283.868,33022.599,212808.789,18302.574,85936.215,141842.55,32.916,0.028,18.488,84426.371,37943.64,212174.269,296.351,2019,4.01049273018366,,,,,,,,,28.2938280138332,2.40180351121416,,,1514225221530.69,,,87568054407493.1,2.60087776956794,17548.1472151454,134828947509696,11552.7327849283,17460.9690868536,134159125497187,26.4759828019682,2.38134831702081,72.7471316405295,37.7,59.1259305055959,1.06436811437949,7683372259,,1.87603245609964,1.34749031982007,14.8658443974506,12.8642921447754,19.5973821989529
2018,87.761,658.69,796.27,53.96,535.02,1434.58,727.88,738.36,827.02,703,2135,108,1179,51906,3390,315,5261,17586,11504,3630,4970,3168,74213,8589,5863,27794,72437,19600,93384,220264,34298.818,31193.607,214771.962,20446.913,88191.093,141859.171,32.132,0.027,18.69,87196.51,41719.184,211589.742,289.298,2018,3.92733600095345,2964932598,4070.66704768826,0.263238627675482,34041045.9740377,4.4776390956312,,,,29.2119687241232,2.41504037924832,136.824231771351,90.370832471287,931693168798.893,,,86267600625419.4,3.2696726971847,17009.8102059367,129316302377944,11148.9304900244,16927.4844251066,128690424402914,26.3814894518364,2.70327205340104,72.5741022370002,38.8,58.5032406660676,1.10744341395647,7602454161,134542704.08,1.93541379140561,1.42177029148396,13.850996517695,13.1331815719604,20.5
2017,101.909,747.257,1450.66,61.187,679.17,1510.17,867.19,1305.66,901.97,800.76,1765,104,1122,48828,3111,287,4831,16729,10323,3559,5099,3285,70579,8252,5887,28133,70707,18578,87100,214079,28701.586,26106.076,204389.643,24623.689,82766.147,136692.515,31.741,0.027,18.208,81241.441,41591.053,207109.105,285.771,2017,4.11057028799771,3022177937,4114.05290237223,0.273620257073798,33351608.0948268,4.43553588985875,,,,28.3284796776969,2.42721225805223,138.939337255457,91.3393242625318,2204262024429.97,,,81193291658568.8,3.39442342651519,16210.55377001,121890127768689,10464.8279231081,16159.748793075,121508115826485,25.9064931621364,2.96114262892992,72.3912421422731,40,57.8594251975406,1.15172301756148,7519183459,134553172.39,1.99671415504741,1.44718475283678,14.2039049915538,13.4160585403442,21.4952631578947
2016,99.443,797.436,1727.14,52.62,811.38,1439.3,916.7,1666.43,930.43,873,1786,80,967,49072,3092,276,4637,17495,10755,3304,4374,2494,65262,7624,5691,27603,69855,18300,88160,204507,26773.582,24341.41,191692.97,23428.906,81019.761,129489.021,31.353,0.027,17.443,79698.49,37862.539,194965.514,282.285,2016,4.1461362512686,2940242868,4009.23127616655,0.284720763319431,32940650.0788955,4.43133690109748,,,,27.3755900546283,2.44464622019697,138.155963428961,90.5952301240539,2736426800919.7,39958245.9,,76305058874647.8,2.82511802669165,15563.7995959076,115694583334405,10391.8619756624,15488.7390607601,115136615642439,25.4650789810693,1.71666254687131,72.1861063743353,41.3,57.2003836496808,1.16894498169493,7433569330,134549738.316,2.02724004917528,1.47502461043395,13.8608383168212,13.7325954437256,23.0057894736842
2015,89.941,739.779,1150,36.573,607.38,1446.03,765.7,849.55,820.94,898.18,1578,72,915,43895,3022,250,4173,18453,8176,3224,4243,3119,58857,7018,5394,27373,67693,15469,80534,192390,24186.452,22010.625,184155.716,21477.61,74088.479,124527.678,31.292,0.028,16.966,75371.236,37617.413,179597.183,276.645,2015,4.20759014874364,2851573171,3920.34757993674,0.296140335235141,32943427.7812085,4.48351482948438,3.93521417400787,,,28.3270099012487,2.45527039765471,135.831441176289,88.6232218122383,2722424757125.46,39991324.6,79.6762980161753,75112444159420.1,3.168372975735,15139.8316812344,111242623383440,10650.364290861,15101.0161567747,110957419369299,25.7931267813007,2.21937679497915,71.9521469638424,42.6,56.5725306543396,1.18196469027203,7347679005,134548896.471,2.04836134586679,1.46593380689769,13.9774038192095,14.0972328186035,23.4042105263158
2014,110.616,737.362,1212.14,60.703,719.64,1372.88,814.55,972.26,814.81,900.95,1941,147,969,47397,3239,260,4066,19134,7444,3278,5062,2406,62069,7323,5360,27449,65796,14974,84597,193717,26763.859,24381.697,178667.688,24753.357,77630.353,120756.362,31.065,0.028,16.644,75705.613,33529.628,182093.046,274.484,2014,4.12400820378912,2822322838,3896.88760287967,0.303782568798471,33085191.9751693,4.55603017486806,7.46366681410003,3128.29871194804,1919.99176537634,30.0128020045817,2.46468078176715,137.99428590248,92.5619353966932,1932812089989.29,40024403.3,80.9114077192803,79557660119700,3.11786320871119,14997.6682101551,108910765044975,11005.7157790657,14979.3129146474,108777471705747,25.7508423933192,2.0034804687199,71.7460320801402,44,55.9192978641868,1.20334695075393,7261846543,134546248.588,2.06915866659337,1.452838984016,13.9769677709833,14.4711513519287,24.2989417989418
2013,119.5,914.519,1270,105.482,886.25,1697.56,990.52,1147,1007.11,996,1914,145,842,43190,2877,221,3829,15057,7777,3292,5158,3201,59268,7076,5564,27050,59784,15647,75852,186040,23832.988,21703.819,171476.012,23252.712,72365.065,116379.142,30.984,0.028,16.229,71351.846,33393.051,173117.969,273.886,2013,4.14824473438824,2770739457,3824.24430180876,0.314908110527251,33053846.5169509,4.60648662472287,7.57845611982756,3106.98173404727,1894.11205896239,30.3501129110303,2.47225300697758,134.554027918324,93.9992313128636,2169745788313.14,40057482,80.9427289687651,77439507217123.8,2.8448544186072,14628.0342446888,104963465252161,10894.3594349376,14567.0498711806,104525871857001,25.4630059953182,2.27617159097511,71.4658022270248,45.5,55.2542148570121,1.21657121233333,7175500378,134543260.129,2.08529101880663,1.51637108558252,14.0058047470169,14.8756637573242,26.7793650793651
2012,138.307,1004.761,785,101.194,843.55,2502.25,1158.64,753.53,1188.18,1271.9,1925,163,880,43077,3258,180,3953,15066,5545,3526,5207,2505,56424,6678,5225,25400,56969,12871,74047,174805,21517.053,19589.151,162600.728,22623.947,70417.048,111245.334,31.035,0.028,15.698,68899.309,31766.243,164198.214,274.206,2012,4.01578778447131,2566124436,3621.4164345206,0.324296127258684,32444191.5472416,4.57653076604432,7.57260386793365,3047.75553098353,1891.70042560737,30.4180555579138,2.48889436036396,131.896150648726,93.5812458286335,2082069897260.72,40090560.5,81.1653501506259,75312277992941.6,2.67305973645253,14112.1967897992,100044955274355,10522.5894183006,14078.1702931807,99803732778450,25.3702970883309,3.61665506268447,71.1734325076553,47.2,54.589544301236,1.22068863908771,7089254548,134302036.178,2.09689511955837,1.57055511932164,13.8187683979745,15.3048343658447,31.3578651685393
2011,156.48,1171.841,1445,104.23,1121.5,2116.44,1203.28,1376.58,1244.66,1439.77,1861,174,882,39860,2836,201,3980,13657,6478,3298,5233,3540,52470,6231,5241,24725,55620,14362,69929,170720,20585.539,18729.445,156148.319,22544.178,66954.829,108437.383,30.978,0.029,15.486,65847.741,28981.492,159716.339,273.618,2011,3.98811794722506,2584333349,3711.29188381564,0.336455184124839,32004027.8518917,4.56954919090461,7.60018784537769,3023.23295021722,1881.47754811803,30.617249213916,2.49860408208633,135.372030356732,94.1168813465507,2373333900010.3,40123639.2,81.2305622950874,73653745496223.1,3.3397307370777,13581.4497933523,95121220780527.1,9941.13465828216,13509.784090893,94619291368737.4,25.1849327317731,5.65340443973585,70.8839718937906,49,53.9289137315705,1.18329340674819,7003760440,134273091.08,2.07978205669426,1.67494678721635,13.730210518599,15.7500839233398,31.8747126436782
2010,121.95,1264.846,1715,90.006,1234.64,1644.45,1324.72,1829.55,1382.99,1454,1801,143,786,37328,2888,195,3433,15667,4538,3500,4963,3299,49368,5838,5230,23415,55772,12085,66779,163470,17953.418,16403.941,148935.656,20083.222,63598.696,105997.192,30.686,0.029,15.321,62407.411,26534.524,152963.93,271.079,2010,3.87587652155294,2465408342,3592.82855606833,0.347629253644597,31031799.0424309,4.4831625158349,7.73067375138858,2958.34319931453,1874.65768831604,28.7772057621265,2.51629028823539,130.147789179715,91.2538122537738,1927683638822.96,40156729.7,80.7781258315195,66488281440229.6,4.49485995761852,12896.3902457367,89266938029780,9470.27885091024,12818.4472786824,88727428145439.3,24.4103427174168,4.36794204975322,70.556582416685,51.2,53.2984540283547,1.20330803304117,6921854591,131784828.751,2.18709609818958,1.55665858221925,13.3836863434598,16.2050819396973,35.9377906976744
2009,94.427,883.342,768,74.882,821.81,1181.87,939.91,835.45,938.29,986,2070,109,701,36324,2966,202,2751,16037,4501,3378,4568,3210,46394,5680,4830,23244,53281,12122,65661,156707,14868.218,13590.197,142195.752,17246.21,59257.361,106205.311,30.636,0.03,15.539,59496.957,22400.245,143837.592,270.893,2009,3.6843202985716,2487936013,3601.00089325798,0.349097425128631,29253757.5061305,4.27714421488462,7.95505493800647,2794.2022680598,1796.21545195742,26.3698844270929,2.5342075847169,117.957998626126,98.2818939446907,1447379603132.82,40190869.1,80.6134685822693,60730361716385.6,-1.30701943840506,12252.0073395232,83798262033446.7,9036.10906207666,12162.0095616319,83182717399398.6,23.2277031001104,2.26138000417855,70.2465080695361,53,52.6656293068104,1.22174445674084,6839553692,131784601.709,2.22097811740221,1.37413102540706,13.1876880338154,16.6559200286865,37.728488372093
2008,141.073,758.17,740,41.339,587.24,1761.69,745.55,540.24,838.02,759,1476,161,659,35003,2905,206,2469,14422,4549,3254,4731,2818,44506,5338,5066,21346,47513,11891,61850,146463,12488.806,11405.309,136670.432,15364.747,58908.124,102273.281,30.389,0.029,15.148,58506.427,22991.841,138520.846,268.771,2008,3.56131663272041,2517239224,3579.35335266872,0.356152897965229,29574920.7763931,4.37693043722715,7.85650597615563,2843.60854281909,1829.62920149869,31.0131229047334,2.55493448556479,119.974622339581,94.1573805625044,2475530815524.48,40225008.7,81.0548554558265,64014455631901.5,2.00094978440279,12289.4702309975,83039955438690.5,9004.97908877169,12205.2221266882,82470690962994.4,25.2359273824683,7.89762452567899,69.8994794086821,55.5,52.0293024978267,1.24087967463484,6757000414,131786929.768,2.2598925762609,1.3986157854081,14.407704220565,17.1153392791748,39.946783625731
2007,107.315,1263.97,1153,89.52,1002.22,1978.91,1187.73,1136.53,1336.75,1469,1925,154,699,32487,2702,165,1907,18062,3528,3308,5127,2851,41457,5065,5086,18960,49940,10257,61629,142051,8398.752,7677.169,131087.849,13916.002,56250.588,99124.511,30.157,0.029,14.864,54727.875,24286.17,133754.269,266.749,2007,3.3856892211104,2342481223,3411.53357916426,0.373697639106186,29312213.4995752,4.39188115744238,7.89181362953981,2822.32711558146,1824.03529835951,29.8123590166523,2.56708902909711,126.460380579857,93.7247021473513,3133858993931.71,40259147.7,81.1941616610071,58321351515739.1,4.43886395475985,11752.4990737082,78438315986380,8407.42363627366,11696.8008959227,78066576219237.3,25.2242658413506,5.78906129053314,69.5916904987144,57.6,51.3852358274101,1.23576150851694,6674181848,131587462.699,2.23742832248917,1.51481802296983,14.7951227476019,17.5730762481689,43.3111764705882
2006,70.545,759.332,731.667,60.994,625.88,1102.31,698.12,640.71,854.31,730,1739,132,729,28386,2575,184,1995,19533,4048,2982,5089,2890,37629,4578,4599,17793,49377,10742,59321,135679,5289.758,4854.648,126802.72,12772.268,51461.681,99112.561,29.577,0.029,15.047,52476.846,22835.511,126708.198,261.523,2006,3.21462547696028,2251391927,3342.90291460669,0.389485516709287,28223539.0535022,4.28102130511003,8.04068742606146,2732.64024652269,1796.64478864413,28.8807761600672,2.57717095663697,120.18216814711,94.984481762391,2203987487520.09,40293287.6,80.8357144829528,51769424091305.2,4.49572318337286,10991.4775298446,72463642016677,7887.10333311615,10960.1577311205,72257159614596.8,24.7509922060306,5.6588780782841,69.2623820488053,60,50.7579113773636,1.24370744910811,6592711655,131587353.573,2.27514470701375,1.50600430246671,14.567829209483,18.011287689209,47.8431137724551
2005,64.399,568.424,553,56.43,456.75,1036.17,537.66,590.8,711.64,602,2052,129,685,27892,2202,195,1650,17772,3921,3245,4853,2676,36032,4462,5013,17999,46601,10562,56498,131443,3643.651,3350.739,120248.201,11851.602,50340.791,98149.49,28.921,0.029,15.087,48095.441,18747.972,122989.668,255.563,2005,3.23320194831806,2252079376,3313.52731911755,0.412847537212344,27325257.1771294,4.19631630865393,8.10015366934964,2656.33073918934,1767.06316990047,27.1563767115782,2.58805804828233,117.373199668964,93.5616103590102,1563481433718.94,40327427,80.724477315973,47773981888484.2,4.04836094997975,10164.3244307295,66187283958714.6,7391.72807592353,10090.4866644318,65706472741193.4,24.1766113083522,5.83723407076282,68.9203036318718,62.5,50.1328070034601,1.24694530932159,6511724848,131587017.557,2.30656060380508,1.55491365146077,14.0987396723848,18.4257011413574,50.720245398773
2004,69.612,536.201,654,39.045,446.2,1233.63,552.06,657,709.72,724,2082,155,640,25767,2053,155,1293,16903,2577,3316,5045,2990,33652,4203,4931,16109,43921,9185,51625,123352,2270.621,2091.635,114802.765,11355.46,45387.729,94872.679,28.445,0.029,14.765,44544.273,17838.452,116502.641,251.31,2004,3.35722323446614,2273990004,3395.28606362905,0.428315432831512,26319528.2174325,4.09226725053652,8.19938415747803,2578.50104648872,1739.82323674097,25.8578297894991,2.60862951351566,117.074221236943,94.1849472394551,1010422036327.29,40373146,80.6515386894538,44095864270016.4,4.48006972948292,9554.33060976423,61448937395132.2,6672.13550158799,9487.28731140799,61017746596768.4,23.7889936174641,5.58155865026613,68.6526238231697,65.4,49.5153730394589,1.25430255915013,6431527221,131585057.468,2.31854761314378,1.64142418325611,,18.8336353302002,48.4604166666667
2003,62.631,588.042,583,29.969,539.72,1402.33,637.36,583.48,648.67,660,1785,173,696,22533,1777,186,1325,15640,2679,3161,4097,3104,30052,3707,5264,14456,40556,9107,46794,113504,1519.073,1397.328,103343.01,10499.02,41498.933,84137.893,28.075,0.029,13.259,40477.394,17807.789,105026.659,248.029,2003,3.31645669284613,2063505222,3132.29390022318,0.442315218264655,25143943.8476202,3.95851935379256,8.47613200175815,2500.61881675189,1688.48027873291,23.9882846270651,2.62489570038503,110.646520638134,94.9159847759355,737264813225.289,40418865.2,80.5535227050781,39128640757108.8,3.1595305632523,8949.54365197542,56846210144584.3,5854.96593757126,8880.62042332145,56408419739590.6,23.0603261657212,3.93354520267644,68.3262116178978,67.8,48.9500564877979,1.26151721361913,6351855732,131554944.027,2.32818190286994,1.68916846078301,,19.202751159668,51.5097014925373
2002,55.144,510.059,482,27.887,488.52,952,591.03,489.95,616.49,,1733,171,494,20250,1609,151,911,15428,2315,3058,3850,2469,27739,3394,4885,12541,40621,8011,43062,106568,1236.155,1136.954,97864.572,9836.888,39193.023,80308.412,27.921,0.029,12.815,37717.654,16419.206,98934.329,246.877,2002,3.32963700652225,2043524367,3133.14586345751,0.44685594921511,24054448.0761061,3.83476894106941,8.63158970376415,2435.21836433554,1649.28075931164,23.2201986488152,2.64355327993079,108.22364753294,94.9773647251006,755583230739.087,40464584.1,80.0570411983365,34884368459978.9,2.33728102561716,8581.66697300342,53830430406839.3,5454.41902767143,8520.431640256,53446318051015.1,22.8183186329943,3.49445128902858,68.0703477216237,70.5,48.3401967865472,1.27647394855373,6272724236,131554542.527,2.34815167020695,1.68670279737183,,19.5711879730225,
2001,42.481,417.168,339,18.52,359.5,771.62,396.87,309.19,,,1791,177,431,17952,1557,215,1034,13996,1930,3074,3803,2738,25359,3133,5292,13189,38018,7339,39083,101945,954.845,877.652,95070.267,10242.474,35164.219,78390.963,27.582,0.029,12.668,34923.71,15801.652,94752.561,243.949,2001,3.37016873960076,2092333018,3159.76009431769,0.46156077729138,23707262.4684296,3.82766380195043,8.72507351597074,2380.4374076261,1636.49023417816,22.9764736801767,2.66634949282082,103.980871018673,92.5284735131369,895499686765.788,40510303.3,80.0383070113918,33609211427621.5,2.00011096828871,8292.87060398127,51363251894047.7,5498.2419088641,8249.26476357249,51093171981804.5,23.434812187362,3.86090122793492,67.8217262716203,73.2,47.7301180655426,1.29760358510696,6193663732,131554116.527,2.27041587884801,1.68241263521463,,19.9928817749023,
2000,42.893,331.104,329,25.205,265,806.79,320.57,317,,,1828,194,527,16580,1296,209,1202,11994,2236,3498,3529,2486,24249,3078,4718,13896,34818,7999,36066,98271,785.598,721.677,90610.861,10800.662,33313.707,75524.361,27.172,0.028,12.362,31753.423,14364.823,92892.869,240.434,2000,3.3837982901097,2052236042,3090.16794101001,0.47558872446494,23311805.661438,3.81265459496114,8.93303643392148,2386.82524404821,1637.20596757257,23.5556574043339,2.69616578008591,101.770246364874,92.5736782079687,1569111553085.88,40556022.3,79.7838486825398,33815965497462.6,4.50127811994179,8016.70518839688,49016733287074.6,5520.32229523839,7965.89342269563,48706053686329.4,24.2949174978629,4.68030781894582,67.5490200014212,75.8,47.1182989175782,1.32305711835376,6114324044,131553720.327,2.15912723284717,1.80967816610202,,20.4842853546143,
1999,58.227,358.009,703,25.1,354,765.61,374.67,681,,,1964,158,450,14132,998,283,1728,10179,2896,3266,3556,2343,21757,2756,4412,14504,31648,9253,32788,93495,0.047,0.047,86982.968,10078.913,30239.62,74035.785,26.806,0.028,12.276,29721.089,12947.136,89341.119,237.133,1999,3.51272067013157,2072935659,3134.36310760014,0.495791839550421,22615862.9199573,3.74777056945216,9.09023847315949,2317.32728022904,1623.83959854696,21.9180411978906,2.7168332072179,105.288762848699,93.4624344005734,1203494873802.2,40628689.7,79.7272244982502,32734252486333.8,3.50446449223307,7559.1614675437,45615641718639.6,5333.58386670674,7498.80950961124,45251448771857.6,23.9241473046689,4.21080717745404,67.2936148673345,78.4,46.496204206663,1.35169584038294,6034484369,131553629.327,2.1772393815765,1.87396308476006,15.4410559968267,,
1998,83.886,503.377,774,10.41,663,861,591,763,,,1111,153,531,12433,942,257,1811,11917,3134,2629,3508,2497,19060,2429,4440,12249,31655,9266,32289,87733,0.047,0.047,83340.687,8239.265,28785.103,71269.458,26.477,0.028,11.975,28897.901,12071.182,83724.054,234.162,1998,3.72210251551306,2073216799,3097.96680630548,0.517718878372126,22509779.8369003,3.78061192963462,9.00532387848764,2284.67069234892,1611.33507886211,21.9239925347779,2.74635922502482,103.606488505424,92.3629672893046,795657692502.86,40701356.7,79.7597610267935,31539757442893.6,2.79315408340352,7302.44170643743,43478769612725.4,5328.88699927961,7247.51126285054,43151713513211,23.9436067768067,4.82383068555477,67.0862402183489,80.7,45.8784963072253,1.39162100258203,5954004340,131553629.327,2.21439052747634,1.98157476649603,,,
1997,70.685,649.262,586,17.09,566,1058,622,590,,,2057,232,433,10835,1065,208,1996,10229,3054,3274,3672,2507,16897,2223,4176,11800,29516,8466,30109,82531,0.047,0.047,79503.067,7743.07,27736.201,68815.583,26.274,0.029,11.718,26839.472,10687.437,79248.668,232.346,1997,3.84849608161948,2083479578,3022.93731093358,0.532242506982856,22394054.6806342,3.8135167111584,8.93786216643853,2262.40902099939,1626.40552529458,22.1071664993681,2.77727018772562,103.227011222963,92.2986843487987,534152124654.565,40774024.2,79.9770684288052,31619825931745.3,3.86913295836409,7164.99840040253,42074908311213.7,5569.11219703905,7106.73279371701,41732756098192.6,24.2572069721617,4.91515472666765,66.8429668509287,82.8,45.2397389012496,1.42718722375696,5872284397,131580889.327,2.24377136745215,2.24302462226935,,,
1996,69.935,540.451,777,23.623,561,868,514,747,,,1659,212,445,11931,966,192,1713,8151,3263,3647,3669,2601,17581,2229,4426,10805,25910,8660,28532,79528,0.047,0.047,71507.022,8894.168,25720.611,61111.079,25.865,0.029,10.55,25598.43,10395.896,71264.223,228.641,1996,3.96195391847644,2051155348,2974.49579887474,0.553776712746128,22039447.4140838,3.80669430846781,8.94161735091349,2239.65190658242,1633.30669751266,21.2045927781818,2.81699648569019,100.945703057348,89.0043343356181,417895948199.431,40846691.3,79.8341878779877,31736303773998.2,3.61383283441216,6874.05992496644,39798436638464.3,5520.99142151275,6806.39892265146,39406702766062.6,24.3843023784453,6.58171861061977,66.5580131271748,84.8,44.6270072007024,1.45269277573175,5789655178,131512149.327,2.26913648580988,2.36236262972361,,,
1995,79.958,570.59,718,17.867,590,988,579,,,,1487,252,322,10596,843,229,1692,7770,2569,2992,3895,1438,16133,2072,4066,11352,25849,9084,25760,76881,0.047,0.047,68841.412,9259.113,22439.554,58962.73,25.482,0.03,10.322,23056.558,9878.635,70454.974,225.38,1995,3.83648058353371,1889253508,2796.20526872226,0.57464139844649,21582843.0324084,3.78198265021746,9.05656127336855,2200.63324871715,1616.15320394074,20.7234528756603,2.86256363726772,97.7521320654741,88.3423948806677,361954964385.845,40919358.7,79.8173720114154,31043365473720,3.08941469376617,6581.46569398208,37558802917360.9,5251.95413420339,6514.05342748272,37174097724112.3,24.514707731014,8.32097449521858,66.2738761054894,86.5,43.9878472238518,1.5059943701925,5706753581,131512059.327,2.36108861188409,2.62521487103725,,,
1994,71.868,649.997,692,15.94,719,1062,693,,,,1711,557,390,10434,773,229,1787,8494,2910,3325,3575,1758,14670,1888,4139,10239,25688,8273,27285,73555,0.047,0.047,64782.971,7028.511,23145.69,55874.002,25.18,0.031,9.921,24198.581,8908.922,66241.269,222.876,1994,3.88312002687184,1942777627,2844.3866295048,0.589960635278025,20983787.4114182,3.73238510585118,9.12898250877519,2163.19899980274,1599.00633118463,19.4824483358202,2.92184212925927,92.2304167041992,88.313868778757,278764576770.725,40992025.9,79.7929832022258,27874264172130.2,3.29697503966113,6326.49855374207,35568114475179.1,4944.96130196368,6269.46769331224,35247482113509.4,24.4056755179159,9.80412818425471,66.0874336138551,88.4,43.3342592486674,1.52043397231714,5622085293,131512019.327,2.35204061123515,2.54370751716185,,,
1993,53.967,546.327,615,13.767,411,924,589,,,,1406,497,402,10588,849,265,1551,7236,1782,2912,3242,1721,13691,1793,3614,9277,23263,7149,24576,66662,0.047,0.047,60623.779,4517.281,22392.625,52616.22,25.096,0.03,9.479,20930.788,8007.513,61130.613,222.309,1993,3.83248096270186,1896266524,2761.76576268917,0.618322136241335,20874105.0265849,3.76932773275631,9.1396642953844,2140.193119694,1613.03872155211,18.9881135502679,2.98761274417603,89.1778669124425,88.4551213662111,233727690595.87,41064693.4,79.9831322615324,25820129586354.2,1.80839524094134,6096.05820627635,33759271750280.1,4730.70004673298,6032.76464573398,33408759265311.9,23.8277429252209,7.02348351127677,65.8840259862398,89.5,42.6813948442797,1.56455260542496,5537885402,131518932.327,2.41094418188462,2.35979749218424,13.7350126127726,,
1992,52.992,436.684,461,17.933,401,622,436,,,,1619,490,249,9353,867,178,1059,5419,1681,2905,3543,1763,12983,1681,3510,8622,21906,7440,20915,64353,0.047,0.047,57493.66,5472.244,19155.801,49125.452,25.233,0.03,9.058,18694.349,8368.162,59155.54,223.344,1992,4.05524131382191,1953419126,2805.82981747184,0.64109637177916,20741660.8600961,3.80401065140913,9.22460197885708,2134.30903512667,1621.33706743756,19.9044373256205,3.07154779372409,92.8615960214715,88.8558082198672,186259575568.671,41137360.5,80.0824406846349,25382861966747.1,2.05618591740908,5933.60190270973,32353421066062.4,4646.04807072958,5868.04698854533,31995977851016,24.3905914062764,6.63928072981943,65.7696593607738,90.7,41.9900220154061,1.57293125482447,5452576967,131636422.327,2.37925473963084,2.59635850946183,13.9130885758396,,
1991,49.008,422.016,636,17.75,376,614,442,,,,1391,610,245,8506,847,297,1471,5436,2098,2768,4039,2127,11473,1446,3294,9499,20888,7810,20901,63344,0.047,0.047,56318.551,4271.776,17971.78,49224.257,0,0,9.349,18484.905,7094.247,56741.402,0,1991,4.49149295757739,1701262880,2890.45169749801,0.672196392679763,20799343.2787013,3.87459045104576,9.05904486719153,2153.49694406584,1649.65382727703,18.8400149643788,3.1574074020097,101.706175200195,97.4708595648454,174938104195.524,41210027.5,80.304208353961,23680282881569.7,1.44638598438918,5764.0750430085,30942360752314,4328.60752012116,5697.53182472156,30585147452610,25.0126799514271,8.11890514430118,65.6180458833215,92,41.3397948631161,1.66810850435812,5368139818,131636370.327,2.53834593519588,2.79972160808582,14.2199283020158,,
1990,45.47,418.736,325,26.133,346,1038,476,,,,1568,665,719,8461,870,284,1887,5142,2550,2868,3712,1452,11034,1434,3292,8768,19479,8070,22146,60109,0.047,0.047,22433.578,3335.757,6019.822,20756.286,0,0,4.063,18772.554,1677.246,23687.013,0,1990,4.98468321388185,1716847663,2890.29499701283,0.702207281699951,20607832.0596807,3.90295218998934,8.99245357102308,2127.91107465511,1663.80733680062,18.9318200591689,3.24854712566811,101.95271627048,97.0467153901452,239415229505.094,41282694.9,80.761668670898,22699238380982.9,2.87617809356506,5558.11979126849,29347220680753.8,4209.98351341491,5484.10309312129,28956407877834.6,25.8144827624125,7.79028883481688,65.4329192262934,93.2,40.6621147377151,1.73576069650845,5280062644,131634540.327,2.60190327727707,,,,
